,행정동,충전소명,충전소위치상세,설치시도명,휴점일,이용가능시작시각,이용가능종료시각,완속충전가능여부,급속충전가능여부,급속충전타입구분,완속충전기대수,급속충전기대수,주차료부과여부,소재지도로명주소,소재지지번주소,관리업체명,관리업체전화번호,위도,경도,데이터기준일자,제공기관코드,제공기관명,Unnamed: 21,0
0,종로1·2·3·4가동,종묘공영주차장,"서울특별시 종로구 종로 157, 지하주차장 4층 하층 T구역",서울특별시,연중무휴,00:00,23:59,N,Y,DC차데모+AC3상,0.0,1.0,Y,서울특별시 종로구 종로 157,서울특별시 종로구 훈정동 1-2,환경부(한국자동차환경협회),1661-9408,37.571208,126.99548500000002,2018-08-16,3000000,서울특별시 종로구,,
1,종로1·2·3·4가동,광화문열린마당주차장,서울특별시 종로구 세종로 76-2,서울특별시,연중무휴,00:00,23:59,Y,Y,DC차데모+AC3상+DC콤보,3.0,1.0,N,서울특별시 종로구 종로1길 55,서울특별시 종로구 세종로 76-2,한국전기차충전서비스,1522-1782,37.575125,126.97833500000002,2018-08-16,3000000,서울특별시 종로구,,
2,사직동,세종로공영주차장,"서울특별시 종로구 세종대로 189, 지하주차장 4층 D구역 계단실 앞",서울특별시,연중무휴,00:00,23:59,N,Y,DC차데모+AC3상+DC콤보,0.0,1.0,Y,서울특별시 종로구 세종대로 189,서울특별시 종로구 세종로 80-1,환경부(한국자동차환경협회),1661-9408,37.573363,126.975841,2018-08-16,3000000,서울특별시 종로구,,
3,종로1·2·3·4가동,석탄회관 지하주차장,서울특별시 종로구 종로5길 58,서울특별시,공휴일,08:00,22:00,N,Y,DC차데모+AC3상+DC콤보,0.0,1.0,Y,서울특별시 종로구 종로5길 58,서울특별시 종로구 수송동 80-6,한국전력,02-758-3274,37.57296,126.980329,2018-08-16,3000000,서울특별시 종로구,,
4,삼청동,국립현대미술관 서울관 주차장,서울특별시 종로구 삼청로 30,서울특별시,연중무휴,00:00,23:59,N,Y,DC차데모+AC3상+DC콤보,0.0,2.0,Y,서울특별시 종로구 삼청로 30,서울특별시 종로구 소격동 165,한국전력,02-758-3274,37.579519,126.980379,2018-08-16,3000000,서울특별시 종로구,,
5,종로5·6가동,서울시 서울디자인센터,서울특별시 종로구 율곡로 283 1층 현관 근처,서울특별시,연중무휴,00:00,23:59,Y,N,DC차데모+AC3상+DC콤보,1.0,0.0,Y,서울특별시 종로구 율곡로 283,서울특별시 종로구 종로6가 70-6,포스코ICT,1600-4047,37.572465,127.008872,2018-08-16,3000000,서울특별시 종로구,,
6,종로1·2·3·4가동,성균관대학교 인문사회과학캠퍼스,서울특별시 종로구 성균관로 25-2 주차장,서울특별시,연중무휴,00:00,23:59,Y,N,DC차데모+AC3상+DC콤보,5.0,0.0,Y,서울특별시 종로구 성균관로25-2,서울특별시 종로구 명륜3가 53-21,포스코ICT,1600-4047,37.587247,126.99308899999998,2018-08-16,3000000,서울특별시 종로구,,
7,사직동,서울시청 차량지원실,서울특별시 종로구 송월길 52,서울특별시,평일운영,13:00,18:00,Y,N,DC차데모+AC3상+DC콤보,7.0,0.0,Y,서울특별시 종로구 송월길 52,서울특별시 종로구 신문로2가 1-43,한국전기차충전서비스,1522-1782,37.570666,126.966382,2018-08-16,3000000,서울특별시 종로구,,
8,혜화동,한국예술종합학교(종로),서울특별시 종로구 창경궁로 215 우측,서울특별시,연중무휴,00:00,23:59,N,Y,DC차데모+AC3상+DC콤보,0.0,1.0,Y,서울특별시 종로구 창경궁로 215,서울특별시 종로구 와룡동 2-70,환경부(한국자동차환경협회),1661-9408,37.582287,126.996984,2018-08-16,3000000,서울특별시 종로구,,
9,종로1·2·3·4가동,태화빌딩,서울특별시 종로구 인사동5길 29 지상주차장,서울특별시,연중무휴,00:00,23:59,N,Y,DC차데모+AC3상+DC콤보,0.0,1.0,Y,서울특별시 종로구 인사동5길 29,서울특별시 종로구 인사동 194-27,환경부(한국자동차환경협회),1661-9408,37.57197100000001,126.984827,2018-08-16,3000000,서울특별시 종로구,,
10,종로1·2·3·4가동,종로구청,서울특별시 종로구 삼봉로 43,서울특별시,연중무휴,00:00,23:59,Y,N,AC3상,1.0,0.0,Y,서울특별시 종로구 삼봉로 43,서울특별시 종로구 수송동146-2,한국전기차충전서비스,1522-1782,37.572855,126.979127,2018-08-16,3000000,서울특별시 종로구,,
11,청운효자동,종로구보건소,서울특별시 종로구 자하문로19길 36,서울특별시,연중무휴,00:00,23:59,Y,N,AC3상,1.0,0.0,Y,서울특별시 종로구 자하문로19길 36,서울특별시 종로구 옥인동 45-30,에버온,1661-7766,37.581806,126.969227,2018-08-16,3000000,서울특별시 종로구,,
12,홍은제1동,홍은1동주민센터 전기차충전소,홍은1동주민센터,서울특별시,"주말, 공휴일",09:00,18:00,Y,N,X,1.0,0.0,N,서울특별시 서대문구 홍은중앙로 85,서울특별시 서대문구 홍은동 11-853,한국전기차충전서비스(KEVCS),1522-1782,37.599694,126.9496939,2018-08-13,3120000,서울특별시 서대문구,,
13,홍은제2동,홍은2동주민센터 전기차충전소,홍은2동주민센터,서울특별시,"주말, 공휴일",09:00,18:00,Y,N,X,1.0,0.0,N,서울특별시 서대문구 모래내로 334,서울특별시 서대문구 홍은동 273-10,한국전기차충전서비스(KEVCS),1522-1782,37.5800601,126.9319514,2018-08-13,3120000,서울특별시 서대문구,,
14,홍제제1동,홍제견인차량보관소 주차장 전기차충전소,홍제견인차량보관소,서울특별시,X,00:00,00:00,Y,Y,"AC3상, DC차데모, DC콤보",1.0,1.0,N,서울특별시 서대문구 홍제내길 227,서울특별시 서대문구 홍제동 294-84,시그넷이브이주식회사,070-4618-6057,37.5907812,126.9388115,2018-08-13,3120000,서울특별시 서대문구,,
15,홍제제2동,홍제2동주민센터 전기차충전소,홍제2동주민센터,서울특별시,"주말, 공휴일",09:00,18:00,Y,N,X,1.0,0.0,N,서울특별시 서대문구 통일로34길 27,서울특별시 서대문구 홍제동 459-4,한국전기차충전서비스(KEVCS),1522-1782,37.5860597,126.947172,2018-08-13,3120000,서울특별시 서대문구,,
16,홍제제3동,홍제3동주민센터 전기차충전소,홍제3동주민센터,서울특별시,"주말, 공휴일",09:00,18:00,Y,N,X,1.0,0.0,N,서울특별시 서대문구 세검정로4길 32,서울특별시 서대문구 홍제동 7-13,한국전기차충전서비스(KEVCS),1522-1782,37.5937254,126.9475606,2018-08-13,3120000,서울특별시 서대문구,,
17,북가좌제1동,북가좌1동주민센터 전기차충전소,북가좌1동주민센터,서울특별시,"주말, 공휴일",09:00,18:00,Y,N,X,1.0,0.0,N,서울특별시 서대문구 수색로100-55,서울특별시 서대문구 북가좌동 477,한국전기차충전서비스(KEVCS),1522-1782,37.5742842,126.9079675,2018-08-13,3120000,서울특별시 서대문구,,
18,북가좌제2동,북가좌2동주민센터 전기차충전소,북가좌2동주민센터,서울특별시,"주말, 공휴일",09:00,18:00,Y,N,X,1.0,0.0,N,서울특별시 서대문구 응암로1길10,서울특별시 서대문구 북가좌동 324-13,한국전기차충전서비스(KEVCS),1522-1782,37.5814484,126.9089814,2018-08-13,3120000,서울특별시 서대문구,,
19,남가좌제1동,남가좌1동주민센터 전기차충전소,남가좌1동주민센터,서울특별시,"주말, 공휴일",09:00,18:00,Y,N,X,1.0,0.0,N,서울특별시 서대문구 모래내로15길 37,서울특별시 서대문구 남가좌동 115-36,한국전기차충전서비스(KEVCS),1522-1782,37.5732691,126.9174743,2018-08-13,3120000,서울특별시 서대문구,,
20,남가좌제2동,남가좌2동주민센터,남가좌2동주민센터,서울특별시,"주말, 공휴일",09:00,18:00,Y,N,X,1.0,0.0,N,서울특별시 서대문구 증가로10길 28,서울특별시 서대문구 남가좌동 342-7,한국전기차충전서비스(KEVCS),1522-1782,37.5758313,126.9195745,2018-08-13,3120000,서울특별시 서대문구,,
21,천연동,천연동주민센터 전기차충전소,천연동주민센터,서울특별시,"주말, 공휴일",09:00,18:00,Y,N,X,1.0,0.0,N,서울특별시 서대문구 성산로 694,서울특별시 서대문구 영천동 101,한국전기차충전서비스(KEVCS),1522-1782,37.5710895,126.9568659,2018-08-13,3120000,서울특별시 서대문구,,
22,신촌동,신촌동주민센터 전기차중전소,신촌동주민센터,서울특별시,"주말, 공휴일",09:00,18:00,Y,N,X,1.0,0.0,N,서울특별시 서대문구 이화여대길 92-8,서울특별시 서대문구 대현동 142-4,한국전기차충전서비스(KEVCS),1522-1782,37.4705963,126.9518995,2018-08-13,3120000,서울특별시 서대문구,,
23,충현동,충현동주민센터 전기차중전소,충현동주민센터,서울특별시,"주말, 공휴일",09:00,18:00,Y,N,X,1.0,0.0,N,서울특별시 서대문구 북아현로22길 38,서울특별시 서대문구 북아현동 1-90,한국전기차충전서비스(KEVCS),1522-1782,37.5647846,126.9525054,2018-08-13,3120000,서울특별시 서대문구,,
24,홍은제1동,홍은1동 제4공영주차장 전기차충전소,홍은1동 제4공영주차장,서울특별시,X,00:00,00:00,N,Y,"AC3상, DC차데모, DC콤보",0.0,1.0,Y,서울특별시 서대문구 홍은중앙로 125,서울특별시 서대문구 홍은동 11-23,한국전력 서대문은평지사,02-350-2264,37.6012903,126.949151,2018-08-13,3120000,서울특별시 서대문구,,
25,연희동,서대문구청 광장 전기차충전소,서대문구청 광장,서울특별시,X,00:00,00:00,Y,Y,"AC3상, DC차데모, DC콤보",1.0,1.0,Y,서울특별시 서대문구 연희로 248,서울특별시 서대문구 연희동 168-6,한국자동차환경협회,1661-9408,37.5790419,126.9367548,2018-08-13,3120000,서울특별시 서대문구,,
26,창4동,창동역환승주차장 충전소,창동역환승주차장,서울특별시,연중무휴,00:00,00:00,Y,Y,,2.0,1.0,Y,서울특별시 도봉구 창4동1-9,서울특별시 도봉구 창4동1-9,도봉구청,,37.6540342,127.048434,2018-05-15,3090000,서울특별시 도봉구,,창4동
27,방학1동,빅마켓 충전소,방학동 빅마켓,서울특별시,연중무휴,10:00,22:00,N,Y,,,1.0,N,서울특별시 도봉구 방학동 717-6,서울특별시 도봉구 방학동 717-6,도봉구청,,37.6675664,127.0454944,2018-05-15,3090000,서울특별시 도봉구,,
28,방학1동,도봉구청 충전소,도봉구청 1층 주차장,서울특별시,연중무휴,00:00,00:00,Y,Y,,,1.0,Y,서울특별시 도봉구 마들로 656,,도봉구청,,37.6686287,127.0470496,2018-05-15,3090000,서울특별시 도봉구,,
29,창5동,도봉구민회관 충전소,도봉구민회관 1층 주차장,서울특별시,연중무휴,00:00,00:00,Y,Y,,,1.0,Y,서울특별시 도봉구 도봉로 552,,도봉구청,,37.6540005,127.0386044,2018-05-15,3090000,서울특별시 도봉구,,
30,창1동,창1동공영주차장 충전소,창1동공영주차장,서울특별시,연중무휴,09:00,18:00,Y,N,,1.0,,Y,서울특별시 도봉구 창동 657-37,서울특별시 도봉구 창동 657-37,도봉구청,,37.6470878,127.0371648,2018-05-15,3090000,서울특별시 도봉구,,
31,진관동,구파발역환승주차장,지하주차장1층 20구역,서울특별시,연중무휴,00:00,00:00,N,Y,AC3상+DC차데모,0.0,1.0,Y,서울특별시 은평구 진관2로 15-40,서울특별시 은평구 진관동 70-1,환경부(한국자동차환경협회),1661-9408,37.638763,126.918944,2019-03-31,3110000,서울특별시 은평구,,
32,응암제1동,이마트은평점,지하주차장4층 A구역,서울특별시,"매월 둘째, 넷째주 일요일",10:00,00:00,N,Y,AC3상+DC차데모,0.0,1.0,Y,서울특별시 은평구 은평로 111,서울특별시 은평구 응암동 90-1,환경부(한국자동차환경협회),1661-9408,37.600305999999996,126.92011299999999,2019-03-31,3110000,서울특별시 은평구,,
33,진관동,은평구민체육센터,주차장 내부,서울특별시,연중무휴,00:00,00:00,N,Y,AC3상+DC차데모+DC콤보,0.0,1.0,Y,서울특별시 은평구 진관1로 40,서울특별시 은평구 진관동 362,환경부(한국자동차환경협회),1661-9408,37.630675,126.92330600000001,2019-03-31,3110000,서울특별시 은평구,,
34,수색동,현대자동차수색대리점,주차장 내부,서울특별시,연중무휴,00:00,00:00,N,Y,AC3상+DC차데모+DC콤보,0.0,1.0,N,서울특별시 은평구 수색로 342-1,서울특별시 은평구 수색동 315-2,환경부(한국자동차환경협회),1661-9408,37.586603000000004,126.888038,2019-03-31,3110000,서울특별시 은평구,,
35,녹번동,한국전력서대문은평지사,주차장 내부,서울특별시,"연중무휴(주중08~20시, 주말09~18시 운영)",08:00,20:00,N,Y,AC3상+DC차데모+DC콤보,0.0,1.0,N,서울특별시 은평구 통일로 659,서울특별시 은평구 녹번동 28-62,한국전력,02-350-2264,37.605369,126.933683,2019-03-31,3110000,서울특별시 은평구,,
36,응암제2동,서울특별시은평병원,주차장 내부,서울특별시,연중무휴,00:00,00:00,N,Y,AC3상+DC차데모+DC콤보,0.0,1.0,Y,서울특별시 은평구 백련산로 90,서울특별시 은평구 응암동 232-3,한국전력,02-300-8016,37.598365,126.93735,2019-03-31,3110000,서울특별시 은평구,,
37,녹번동,은평평화공원공영주차장,주차장 내부,서울특별시,연중무휴,00:00,00:00,N,Y,AC3상+DC차데모+DC콤보,0.0,2.0,Y,서울특별시 은평구 서오릉로 47,서울특별시 은평구 녹번동 153-1,한국전력,02-350-5183,37.605678000000005,126.92304399999999,2019-03-31,3110000,서울특별시 은평구,,
38,응암제3동,응암3동공영주차장,주차장 내부,서울특별시,연중무휴,00:00,00:00,N,Y,AC3상+DC차데모+DC콤보,0.0,1.0,Y,서울특별시 은평구 불광천길 436,서울특별시 은평구 응암동 580-4,한국전력,02-350-2245,37.593425,126.91535,2019-03-31,3110000,서울특별시 은평구,,
39,진관동,롯데슈퍼 은평점,주차장 내부,서울특별시,"매월 둘째, 넷째주 일요일",00:00,00:00,N,Y,AC3상+DC차데모+DC콤보,0.0,1.0,Y,서울특별시 은평구 진관2로 117,서울특별시 은평구 진관동 90-1,한국전기차충전서비스,1522-1782,37.63432394,126.93046579,2019-03-31,3110000,서울특별시 은평구,,
40,진관동,서울시 은평소방서,주차장 내부,서울특별시,연중무휴,00:00,00:00,Y,N,AC완속,1.0,0.0,N,서울특별시 은평구 통일로 962,서울특별시 은평구 진관동 120,포스코ICT,1600-4047,37.62857969,126.91972764,2019-03-31,3110000,서울특별시 은평구,,
41,불광제2동,서울시 연광초등학교 지하 공동주차장,주차장 내부,서울특별시,연중무휴,00:00,00:00,Y,N,AC완속,1.0,0.0,Y,서울특별시 은평구 연서로 347,서울특별시 은평구 불광동 73-1,포스코ICT,1600-4047,37.62618983,126.92884773,2019-03-31,3110000,서울특별시 은평구,,
42,불광제2동,서울시 연신중학교 지하 공동주차장,주차장 내부,서울특별시,연중무휴,00:00,00:00,Y,N,AC완속,1.0,0.0,Y,서울특별시 은평구 연서로33길 16-32,서울특별시 은평구 불광동 400-4,포스코ICT,1600-4047,37.62301523,126.92484212,2019-03-31,3110000,서울특별시 은평구,,
43,녹번동,현대자동차 블루핸즈 녹번서부점,주차장 내부(현대차 이외 고객 이용 불가),서울특별시,연중무휴,09:00,18:00,Y,N,AC완속,1.0,0.0,Y,서울특별시 은평구 통일로 661,서울특별시 은평구 녹번동 28-71,현대자동차,,37.60556918,126.93381492,2019-03-31,3110000,서울특별시 은평구,,
44,녹번동,은평구청,주차장,서울특별시,연중무휴,00:00,00:00,N,Y,AC3상+DC차데모+DC콤보,0.0,1.0,N,서울특별시 은평구 은평로 195,서울특별시 은평구 녹번동 84,환경부(한국자동차환경협회),02-351-6155,37.6021755627,126.9293379035,2019-03-31,3110000,서울특별시 은평구,,
45,역촌동,서북병원,주차장,서울특별시,연중무휴,00:00,00:00,N,Y,AC3상+DC차데모+DC콤보,0.0,1.0,N,서울특별시 은평구 갈현로7길 49,서울특별시 은평구 역촌동 산31-1,환경부(한국자동차환경협회),02-3156-3000,37.6046197196,126.9053566093,2019-03-31,3110000,서울특별시 은평구,,
46,진관동,서울소방학교,주차장,서울특별시,연중무휴,00:00,00:00,Y,N,AC완속,1.0,0.0,Y,서울특별시 은평구 통일로 1031-21,서울특별시 은평구 진관동 110-26,한국전력,02-2106-3612,37.634216463499996,126.9144630046,2019-03-31,3110000,서울특별시 은평구,,
47,진관동,아이파크포레스트게이트,주차장,서울특별시,연중무휴,00:00,00:00,N,Y,AC완속,4.0,0.0,Y,서울특별시 은평구 통일로 1010,서울특별시 은평구 진관동 100-3,한국전력,02-389-7334,37.632879295500004,126.9183146017,2019-03-31,3110000,서울특별시 은평구,,
48,잠실6동,송파구청,지상주차장,서울특별시,없음,00:00,24:00,N,Y,DC차데모+AC3상+DC콤보,0.0,1.0,Y,서울특별시 송파구 올림픽로 326,서울특별시 송파구 신천동 29-5,서울특별시 송파구청,02-2147-2131,37.514447,127.105918,2019-05-31,3230000,서울특별시 송파구,,
49,잠실3동,롯데마트 잠실점,지하주차장 1층 M148구역,서울특별시,"매월2,4주일요일",10:00,23:00,Y,Y,DC차데모+AC3상,1.0,2.0,Y,서울특별시 송파구 올림픽로 240,서울특별시 송파구 잠실동 40-1,전기자동차 헬프데스크,1661-9408,37.511267,127.080518,2019-05-31,3230000,서울특별시 송파구,,
50,위례동,복정역 공영주차장,외부주차장,서울특별시,없음,00:00,24:00,N,Y,DC차데모+AC3상,0.0,1.0,Y,서울특별시 송파구 장지동,서울특별시 송파구 장지동 600-2,전기자동차 헬프데스크,1661-9408,37.469749,127.126622,2019-05-31,3230000,서울특별시 송파구,,
51,마천1동,마천동1공영주차장,외부주차장,서울특별시,없음,00:00,24:00,N,Y,DC차데모+AC3상+DC콤보,0.0,1.0,Y,서울특별시 송파구 성내천로43길 6,서울특별시 송파구 마천동 215,한전강동송파지사,02-480-2275,37.4954,127.1555,2019-05-31,3230000,서울특별시 송파구,,
52,가락1동,가락시장,농수산물도매시장 지하주차장,서울특별시,없음,00:00,24:00,N,Y,DC차데모+AC3상+DC콤보,0.0,3.0,Y,서울특별시 송파구 양재대로 932,서울특별시 송파구 가락동 600,한전강동송파지사,02-480-2275,37.4933,127.1123,2019-05-31,3230000,서울특별시 송파구,,
53,가락1동,서울시 농수산식품공사 친환경농산물 집배송센터,친환경농산물집배송센터 지상주차장,서울특별시,없음,00:00,24:00,Y,N,AC완속,1.0,0.0,Y,서울특별시 송파구 양재대로 932,서울특별시 송파구 가락동 600,포스코ICT,02-3435-0338,37.493395,127.111499,2019-05-31,3230000,서울특별시 송파구,,
54,가락1동,서울시 농수산식품공사 가락몰 판매동,가락몰관리업무동 지하3층 S13,서울특별시,없음,00:00,24:00,Y,N,AC완속,3.0,0.0,Y,서울특별시 송파구 양재대로 932,서울특별시 송파구 가락동 600,포스코ICT,02-3435-0338,37.493395,127.111499,2019-05-31,3230000,서울특별시 송파구,,
55,가락1동,서울시 농수산식품공사 가락몰 관리업무동,가락몰판매동 지하3층 I07,서울특별시,없음,00:00,24:00,Y,N,AC완속,3.0,0.0,Y,서울특별시 송파구 양재대로 932,서울특별시 송파구 가락동 600,포스코ICT,02-3435-0338,37.493395,127.111499,2019-05-31,3230000,서울특별시 송파구,,
56,문정2동,서울시 대명레저산업 본사,지하3층 주차장 3A 구역,서울특별시,없음,00:00,24:00,Y,N,AC완속,2.0,0.0,Y,서울특별시 송파구 법원로 135,서울특별시 송파구 문정동 641-3 대명타워,포스코ICT,02-3435-0338,37.485772,127.120397,2019-05-31,3230000,서울특별시 송파구,,
57,문정2동,롯데마트 송파점,지하4층 C8,서울특별시,"매월2,4주일요일",10:00,23:00,N,Y,DC차데모+AC3상+DC콤보,0.0,1.0,Y,서울특별시 송파구 중대로 80,서울특별시 송파구 문정동 150-2 문정프라자,환경부,1661-9408,37.49171,127.117737,2019-05-31,3230000,서울특별시 송파구,,
58,잠실7동,아시아공원 공영주차장,외부주차장,서울특별시,없음,00:00,24:00,N,Y,DC차데모+AC3상+DC콤보,0.0,3.0,Y,서울특별시 송파구 잠실동 84,서울특별시 송파구 잠실동 84 아시아공원,환경부,1661-9408,37.51051,127.07634,2019-05-31,3230000,서울특별시 송파구,,
59,방이2동,방이동 공영주차장,외부주차장,서울특별시,없음,00:00,24:00,N,Y,DC차데모+AC3상+DC콤보,0.0,1.0,Y,서울특별시 송파구 백제고분로 481,서울특별시 송파구 방이동 52-1,한국전력,1899-2100,37.514897,127.113133,2019-05-31,3230000,서울특별시 송파구,,
60,잠실6동,롯데월드타워&몰지하주차장,"지하 주차장 2,3,4층",서울특별시,없음,00:00,24:00,Y,Y,DC차데모+AC3상+DC콤보,112.0,6.0,Y,서울특별시 송파구 올림픽로 300,서울특별시 송파구 신천동 29,롯데물산,02-3213-0251,37.513689,127.104454,2019-05-31,3230000,서울특별시 송파구,,
61,마천1동,마천동2공영주차장,외부주차장,서울특별시,없음,00:00,24:00,N,Y,DC차데모+AC3상+DC콤보,0.0,1.0,Y,서울특별시 송파구 성내천로299-7,서울특별시 송파구 마천동 364-5 마천동2공영주차장,환경부(한국자동차환경협회),1661-9408,37.494576,127.156181,2019-05-31,3230000,서울특별시 송파구,,
62,거여2동,거여동공영주차장,외부주차장,서울특별시,없음,00:00,24:00,N,Y,DC차데모+AC3상+DC콤보,0.0,1.0,Y,서울특별시 송파구 오금로68길8,서울특별시 송파구 거여동 33-16 거여동공영주차장,환경부(한국자동차환경협회),1661-9408,37.492539,127.150322,2019-05-31,3230000,서울특별시 송파구,,
63,마천2동,천마공영주차장,외부주차장,서울특별시,없음,00:00,24:00,N,Y,DC차데모+AC3상+DC콤보,0.0,1.0,Y,서울특별시 송파구 성내천로33가길20,서울특별시 송파구 마천동 산1-5 천마공영주차장,환경부(한국자동차환경협회),1661-9408,37.500477,127.154837,2019-05-31,3230000,서울특별시 송파구,,
64,방이2동,신천유수지 공영주차장,외부주차장,서울특별시,없음,00:00,24:00,Y,Y,DC차데모+AC3상+DC콤보,1.0,1.0,Y,서울특별시 송파구 오금로 1,서울특별시 송파구 신천동 14,한국전기차충전서비스,1522-1782,37.52205,127.103237,2019-05-31,3230000,서울특별시 송파구,,
65,잠실6동,잠실역 공영주차장,외부주차장,서울특별시,없음,00:00,24:00,Y,Y,DC차데모+AC3상+DC콤보,3.0,1.0,Y,서울특별시 송파구 올림픽로 300,서울특별시 송파구 신천동 29,한국전기차충전서비스,1522-1782,37.517222,127.105264,2019-05-31,3230000,서울특별시 송파구,,
66,방이2동,딜라이트 호텔,지상주차장,서울특별시,없음,00:00,24:00,N,Y,DC차데모+AC3상+DC콤보,0.0,1.0,Y,서울특별시 송파구 오금로11길 21-9,서울특별시 송파구 방이동 36-5 잠실딜라이트호텔,케이티,1522-4700,37.515614,127.109254,2019-05-31,3230000,서울특별시 송파구,,
67,위례동,스마트위례주유소,주유소출구,서울특별시,없음,00:00,24:00,N,Y,DC콤보,0.0,1.0,N,서울특별시 송파구 위례중앙로 43,서울특별시 송파구 장지동 908,GS칼텍스,02-409-5185,37.486348,127.133817,2019-05-31,3230000,서울특별시 송파구,,
68,문정2동,가든파이브주유소,주유소출구,서울특별시,없음,00:00,24:00,N,Y,DC콤보,0.0,1.0,N,서울특별시 송파구 탄천동로 740,서울특별시 송파구 장지동 875-1,GS칼텍스,02-409-5145,37.485198,127.133184,2019-05-31,3230000,서울특별시 송파구,,
69,가산동,제일모직아울렛 건너편(공중전화부스),제일모직아울렛 건너편(공중전화부스),서울특별시,연중무휴,00:00,00:00,N,Y,DC차데모+AC3상+DC콤보,0.0,1.0,N,서울특별시 금천구 가산동 239-27,서울특별시 금천구 가산동 239-27,환경부(한국자동차환경협회),1661-9408,37.474445,126.886753,2019-05-31,3170000,서울특별시 금천구,,
70,시흥제1동,홈플러스 시흥점,홈플러스 시흥점,서울특별시,"2,4째 일요일",10:00,23:59,N,Y,DC차데모+AC3상,0.0,1.0,Y,서울특별시 금천구 시흥대로 201,서울특별시 금천구 시흥동 992-47,환경부(한국자동차환경협회),1661-9408,37.4519767,126.900758,2019-05-31,3170000,서울특별시 금천구,,
71,독산제1동,독산1동 공영주차장,독산1동 공영주차장 2층,서울특별시,연중무휴,00:00,00:00,N,Y,DC차데모+AC3상,0.0,1.0,Y,서울특별시 금천구 범안로12가길 65,서울특별시 금천구 독산동 1006-94,환경부(한국자동차환경협회),1661-9408,37.4648929,126.894747,2019-05-31,3170000,서울특별시 금천구,,
72,독산제1동,롯데VIC마켓금천점,롯데VIC마켓금천점,서울특별시,연중무휴,00:00,00:00,N,Y,DC차데모+AC3상+DC콤보,0.0,2.0,Y,서울특별시 금천구 두산로 71,서울특별시 금천구 독산동 295-10,환경부(한국자동차환경협회),1661-9408,37.470487,126.8956692,2019-05-31,3170000,서울특별시 금천구,,
73,가산동,가산동 공영주차장,가산동 공영주차장 2층,서울특별시,연중무휴,00:00,00:00,N,Y,DC차데모+AC3상+DC콤보,0.0,1.0,Y,서울특별시 금천구 시흥대로153길 53,서울특별시 금천구 가산동 148-28,서울시(한국자동차환경협회),1661-9408,37.476695,126.895518,2019-05-31,3170000,서울특별시 금천구,,
74,독산제1동,시티렉스,시티렉스,서울특별시,연중무휴,00:00,00:00,N,Y,DC차데모+AC3상+DC콤보,0.0,1.0,Y,서울특별시 금천구 시흥대로 399,서울특별시 금천구 독산동 291-5,한국전기차충전서비스,1522-1782,37.4693273,126.897052,2019-05-31,3170000,서울특별시 금천구,,
75,시흥제1동,기아 시흥 서비스센터,기아 시흥 서비스센터,서울특별시,토일,08:30,17:30,N,Y,DC차데모,0.0,1.0,N,서울특별시 금천구 시흥대로51길 20,서울특별시 금천구 시흥동 992-28,기아자동차,02-804-8585,37.4517561,126.89937,2019-05-31,3170000,서울특별시 금천구,,
76,가산동,대륭테크노타운2차,지하주차장 출구측,서울특별시,연중무휴,06:00,23:00,N,Y,DC차데모+AC3상+DC콤보,0.0,1.0,Y,서울특별시 금천구 가산디지털1로 33-33,서울특별시 금천구 가산동 569-21,한국전력,1899-2100,37.468407,126.8846233,2019-05-31,3170000,서울특별시 금천구,,
77,시흥제1동,금천구청,금천구청 후정,서울특별시,연중무휴,06:00,23:00,N,Y,DC차데모+AC3상+DC콤보,0.0,1.0,Y,서울특별시 금천구 시흥대로73길 70,서울특별시 금천구 시흥동 1020,한국전력,1899-2100,37.4567667,126.8954005,2019-05-31,3170000,서울특별시 금천구,,
78,독산제1동,시흥4동 공영주차장,시흥4동 공영주차장 지하1층,서울특별시,연중무휴,00:00,00:00,N,Y,DC차데모+AC3상+DC콤보,0.0,1.0,Y,"서울특별시 금천구 독산로 36나길 21, B1 18",서울특별시 금천구 독산동 1006-102,환경부(한국자동차환경협회),1661-9408,37.459686700000006,126.909022,2019-05-31,3170000,서울특별시 금천구,,
79,독산제1동,홈플러스 금천점,홈플러스 금천점,서울특별시,"2,4째 일요일",10:00,23:59,N,Y,DC콤보,0.0,2.0,Y,서울특별시 금천구 시흥대로 391,서울특별시 금천구 독산동 291-7,환경부(한국자동차환경협회),1661-9408,37.4686493,126.8968106,2019-05-31,3170000,서울특별시 금천구,,
80,독산제1동,동일테크노타운2차,동일테크노타운2차,서울특별시,연중무휴,06:00,23:00,N,Y,DC차데모+AC3상+DC콤보,0.0,1.0,Y,서울특별시 금천구 범안로17길 61,서울특별시 금천구 독산동 330-6,한국전력,1899-2100,37.4691723,126.8933764,2019-05-31,3170000,서울특별시 금천구,,
81,가산동,마리오아울렛3관,지하주차장2층,서울특별시,연중무휴,00:00,00:00,N,Y,DC차데모+AC3상+DC콤보,0.0,2.0,Y,서울특별시 금천구 벚꽃로 266,서울특별시 금천구 가산동 60-20,한국전기차충전서비스,1522-1782,37.47859920000001,126.8851547,2019-05-31,3170000,서울특별시 금천구,,
82,마장동,마장동사무소 앞(공중전화부스),마장동사무소 앞,서울특별시,연중무휴,00:00,00:00,N,Y,DC차데모+AC3상+DC콤보,0.0,1.0,N,서울특별시 성동구 마장로44길 3,서울특별시 성동구 마장동 808,환경부(한국자동차환경협회),1661-9408,37.5672028,127.04546,2019-06-03,3030000,서울특별시 성동구,,
83,성수1가1동,헤이그라운드,헤이그라운드,서울특별시,연중무휴,00:00,00:00,Y,N,AC완속,1.0,0.0,N,서울특별시 성동구 뚝섬로1나길 5 (성수동1가) 헤이그라운드,서울특별시 성동구 성수동1가 22-8,에버온,1661-7766,37.5444735277,127.047743,2019-06-03,3030000,서울특별시 성동구,,
84,용답동,서울새활용플라자,서울새활용플라자,서울특별시,연중무휴,00:00,00:00,Y,N,AC완속,3.0,0.0,N,서울특별시 성동구 자동차시장길 49 지하 2층 주차장 벽면(용답동 250-14번지 지하 2층 주차장 벽면),서울특별시 성동구 용답동 250-14,지엔텔,1544-4279,37.5585626,127.0582435,2019-06-03,3030000,서울특별시 성동구,,
85,행당1동,동부수도사업소,동부수도사업소,서울특별시,연중무휴,00:00,00:00,Y,N,AC완속,4.0,0.0,N,"서울특별시 성동구 고산자로10길 13 (행당동, 동부수도사업소)",서울특별시 성동구 행당동 142-1,한국전기차충전서비스,1522-1782,37.5592506,127.03542,2019-06-03,3030000,서울특별시 성동구,,
86,마장동,광진성동지사,광진성동지사,서울특별시,연중무휴,08:00,20:00,N,Y,DC차데모+AC3상+DC콤보,0.0,1.0,N,서울특별시 성동구 마장로27길 13,서울특별시 성동구 마장동 479-2,한국전력,02-2290-5273,37.5677096023,127.0340571809,2019-06-03,3030000,서울특별시 성동구,,
87,왕십리도선동,도선동공영주차장,도선동공영주차장,서울특별시,연중무휴,00:00,00:00,Y,N,AC완속,1.0,0.0,N,"서울특별시 성동구 무학로8길 8 (홍익동, 도선동공영주차장)",서울특별시 성동구 홍익동 369,케이티,1522-4700,37.5654593,127.031472,2019-06-03,3030000,서울특별시 성동구,,
88,금호2·3가동,금호초등학교,금호초등학교,서울특별시,연중무휴,00:00,00:00,Y,N,AC완속,1.0,0.0,N,"서울특별시 성동구 무수막길 69 (금호동2가, 금호초등학교)",서울특별시 성동구 금호동2가 511,케이티,1522-4700,37.55220360000001,127.0203276,2019-06-03,3030000,서울특별시 성동구,,
89,성수2가1동,서울시 이마트(성수점),서울시 이마트(성수점),서울특별시,연중무휴,00:00,00:00,Y,N,AC완속,2.0,0.0,N,서울특별시 성동구 뚝섬로 377  본관5층 G1구역,서울특별시 성동구 성수동2가 333-16,포스코ICT,1600-4047,37.5400204028,127.05290895569999,2019-06-03,3030000,서울특별시 성동구,,
90,사근동,서울시 성동소방서,서울시 성동소방서,서울특별시,연중무휴,00:00,00:00,Y,N,AC완속,4.0,0.0,N,"서울특별시 성동구 살곶이길 331  지상, 지하주차장",서울특별시 성동구 행당동 92-6,포스코ICT,1600-4047,37.5537172434,127.03945584700001,2019-06-03,3030000,서울특별시 성동구,,
91,왕십리도선동,서울시 성동구 보건소,서울시 성동구 보건소,서울특별시,연중무휴,00:00,00:00,Y,N,AC완속,1.0,0.0,N,서울특별시 성동구 마장로23길 10  주차장,서울특별시 성동구 홍익동 16-15,포스코ICT,1600-4047,37.5670791452,127.0332147532,2019-06-03,3030000,서울특별시 성동구,,
92,왕십리2동,서울시 왕십리2동 주민센터,서울시 왕십리2동 주민센터,서울특별시,연중무휴,00:00,00:00,Y,N,AC완속,1.0,0.0,N,서울특별시 성동구 무학봉길 69  주차장,서울특별시 성동구 하왕십리동 974-12,포스코ICT,1600-4047,37.5610305,127.030523,2019-06-03,3030000,서울특별시 성동구,,
93,성수2가1동,서울시 성수2가1동 주민센터,서울시 성수2가1동 주민센터,서울특별시,연중무휴,00:00,00:00,Y,N,AC완속,1.0,0.0,N,서울특별시 성동구 뚝섬로 385-19  주차장,서울특별시 성동구 성수동2가 333-134,포스코ICT,1600-4047,37.5395041,127.054002,2019-06-03,3030000,서울특별시 성동구,,
94,송정동,서울시 송정동 주민센터,서울시 송정동 주민센터,서울특별시,연중무휴,00:00,00:00,Y,N,AC완속,1.0,0.0,N,서울특별시 성동구 동일로43길 13  주차장,서울특별시 성동구 송정동 72-31,포스코ICT,1600-4047,37.5544739,127.069527,2019-06-03,3030000,서울특별시 성동구,,
95,성수1가2동,서울시 성수1가2동 주민센터,서울시 성수1가2동 주민센터,서울특별시,연중무휴,09:00,18:00,Y,N,AC완속,1.0,0.0,N,서울특별시 성동구 상원6나길 22-7  주차장,서울특별시 성동구 성수동1가 13-444,포스코ICT,1600-4047,37.547732,127.0500167,2019-06-03,3030000,서울특별시 성동구,,
96,마장동,서울시 시설관리공단,서울시 시설관리공단,서울특별시,연중무휴,00:00,00:00,Y,N,AC완속,2.0,0.0,N,"서울특별시 성동구 청계천로 540  지하 2, 3층 주차장",서울특별시 성동구 마장동 527-6,포스코ICT,1600-4047,37.5715745,127.036079,2019-06-03,3030000,서울특별시 성동구,,
97,금호1가동,서울시 금호1가동 주민센터,서울시 금호1가동 주민센터,서울특별시,주말및공휴일,10:00,17:00,Y,N,AC완속,1.0,0.0,Y,서울특별시 성동구 행당로 15  지하1층주차장,서울특별시 성동구 금호동1가 127-2,포스코ICT,1600-4047,37.5548468,127.02169,2019-06-03,3030000,서울특별시 성동구,,
98,금호4가동,서울시 금호4가동 주민센터,서울시 금호4가동 주민센터,서울특별시,연중무휴,09:30,17:30,Y,N,AC완속,1.0,0.0,Y,서울특별시 성동구 독서당로46길 26,서울특별시 성동구 금호동4가 803,포스코ICT,1600-4047,37.5471374,127.022353,2019-06-03,3030000,서울특별시 성동구,,
99,응봉동,서울시 응봉동 주민센터,서울시 응봉동 주민센터,서울특별시,연중무휴,09:00,18:00,Y,N,AC완속,1.0,0.0,Y,서울특별시 성동구 독서당로 424  주차장,서울특별시 성동구 응봉동 101,포스코ICT,1600-4047,37.5530997,127.033314,2019-06-03,3030000,서울특별시 성동구,,
100,성수1가1동,서울숲 포휴,서울숲 포휴,서울특별시,연중무휴,08:00,18:00,Y,N,AC완속,2.0,0.0,Y,서울특별시 성동구 왕십리로 58,서울특별시 성동구 성수동1가 656-3,한국전기차충전서비스,1522-1782,37.542939,127.044742,2019-06-03,3030000,서울특별시 성동구,,
101,성수1가2동,린하우스,린하우스,서울특별시,연중무휴,00:00,00:00,N,Y,DC차데모+AC3상+DC콤보,0.0,1.0,Y,서울특별시 성동구 광나루로 172,서울특별시 성동구 성수동1가 13-5,한국전기차충전서비스,1522-1782,37.5510808,127.049308,2019-06-03,3030000,서울특별시 성동구,,
102,행당1동,성동구청,성동구청,서울특별시,연중무휴,08:00,22:00,N,Y,DC차데모+AC3상+DC콤보,0.0,1.0,Y,"서울특별시 성동구 고산자로 270, 성동구청 부설주차장  지하2층",서울특별시 성동구 행당동 7,서울시(한국자동차환경협회),02-286-5504,37.56342359,127.036922,2019-06-03,3030000,서울특별시 성동구,,
103,성수2가3동,기아 성동 서비스센터,기아 성동 서비스센터,서울특별시,주말및공휴일,08:30,17:30,Y,Y,DC차데모+DC콤보,1.0,1.0,Y,서울특별시 성동구 성수이로26길 61,서울특별시 성동구 성수동2가 279-29,기아자동차,080-200-2000,37.5449450703,127.064203,2019-06-03,3030000,서울특별시 성동구,,
104,금호2·3가동,신금호파크자이,신금호파크자이,서울특별시,연중무휴,00:00,00:00,Y,Y,DC차데모+AC3상+DC콤보,4.0,2.0,N,서울특별시 성동구 금호로 173,서울특별시 성동구 금호동2가 1,에스트레픽,080-805-0010,37.5562227,127.019747,2019-06-03,3030000,서울특별시 성동구,,
105,성수2가1동,이마트 성수,이마트 성수,서울특별시,연중무휴,10:00,23:00,N,Y,DC차데모+DC콤보,0.0,17.0,Y,서울특별시 성동구 뚝섬로 379   (9~23시),서울특별시 성동구 성수동2가 333-16,에스트레픽,080-805-0010,37.539928,127.0534927452,2019-06-03,3030000,서울특별시 성동구,,
106,행당1동,(주)비트플러스,(주)비트플러스,서울특별시,연중무휴,10:00,23:00,Y,N,AC완속,5.0,0.0,Y,"서울특별시 성동구 왕십리광장로 17 (행당동, 왕십리민자역사) 비트플러스",서울특별시 성동구 행당동 168-151,케이티,1522-0123,37.5614409413,127.03839600479999,2019-06-03,3030000,서울특별시 성동구,,
107,양재1동,남서울농협 하나로마트 우면점,서울특별시 서초구 양재대로2길 116-19,서울특별시,연중무휴,00:00,23:59,N,Y,DC차데모+AC3상+DC콤보,,1.0,Y,서울특별시 서초구 양재대로2길 116-19,,한국전력,,37.4568754952,127.01598620700001,2019-06-03,3210000,서울특별시 서초구,,
108,방배2동,사당역 공영주차장,"서울특별시 서초구 과천대로 950-18 , 지상주차장 북주차장(우측)(방배동 507-1)",서울특별시,연중무휴,00:00,23:59,N,Y,DC차데모+AC3상,,1.0,Y,서울특별시 서초구 과천대로 950-18,,환경부(한국자동차환경협회),,37.4754002,126.9837428,2019-06-03,3210000,서울특별시 서초구,,
109,서초4동,서울 부띠크모나코 급속,"서울특별시 서초구 서초대로 397(서초동, 부띠크모나코) 지하2층/지하5층D",서울특별시,연중무휴,00:00,23:59,N,Y,DC차데모+AC3상+DC콤보,,3.0,Y,서울특별시 서초구 서초대로 397,,이카플러그,,37.4973032,127.0245062,2019-06-03,3210000,서울특별시 서초구,,
110,일원1동,서울만남휴게소(부산방향),서울특별시 서초구 양재대로12길 73-71 (원지동),서울특별시,연중무휴,00:00,23:59,N,Y,DC차데모+AC3상+DC콤보,,2.0,Y,서울특별시 서초구 양재대로12길 73-71 (원지동),,환경부(한국자동차환경협회),,37.4599063,127.0420601,2019-06-03,3210000,서울특별시 서초구,,
111,내곡동,서울시 내곡동 주민센터,서울특별시 서초구 염곡말길 9  지하2층 중앙기둥 뒤,서울특별시,"토,일",09:00,18:00,Y,N,,1.0,,Y,서울특별시 서초구 염곡말길 9,,포스코ICT,,37.4619252,127.0511758,2019-06-03,3210000,서울특별시 서초구,,
112,내곡동,서울시 서울어린이병원,서울특별시 서초구 헌릉로 260  주차장,서울특별시,연중무휴,00:00,23:59,Y,N,,2.0,,Y,서울특별시 서초구 헌릉로 260,,포스코ICT,,37.4554808,127.0688387,2019-06-03,3210000,서울특별시 서초구,,
113,반포1동,서울시 서초구 반포1동주민센터,서울특별시 서초구 사평대로 273 지하 2층 주차장,서울특별시,"토,일",09:00,18:00,Y,N,,1.0,,Y,서울특별시 서초구 사평대로 273,,포스코ICT,,37.5050553,127.013394,2019-06-03,3210000,서울특별시 서초구,,
114,반포2동,서울시 서초구 반포2동주민센터,서울특별시 서초구 신반포로15길 16 청사앞 야외주차장,서울특별시,"토,일",09:00,18:00,Y,N,,1.0,,Y,서울특별시 서초구 신반포로15길 16,,포스코ICT,,37.5045471,126.994486,2019-06-03,3210000,서울특별시 서초구,,
115,반포3동,서울시 서초구 반포3동주민센터,서울특별시 서초구 신반포로 23길 78 지하1층주차장,서울특별시,"토,일",09:00,18:00,Y,N,,1.0,,Y,서울특별시 서초구 신반포로 23길 78,,포스코ICT,,37.512229,127.005571,2019-06-03,3210000,서울특별시 서초구,,
116,반포4동,서울시 서초구 반포4동주민센터,서울특별시 서초구 사평대로28길 70 주차장,서울특별시,"토,일",09:00,18:00,Y,N,,1.0,,Y,서울특별시 서초구 사평대로28길 70,,포스코ICT,,37.4974379,127.0003038,2019-06-03,3210000,서울특별시 서초구,,
117,방배1동,서울시 서초구 방배1동주민센터,서울특별시 서초구 효령로 29길 43 지상주차장,서울특별시,"토,일",09:00,18:00,Y,N,,1.0,,Y,서울특별시 서초구 효령로 29길 43,,포스코ICT,,37.4832812,126.9945303,2019-06-03,3210000,서울특별시 서초구,,
118,방배3동,서울시 서초구 방배3동주민센터,서울특별시 서초구 방배로 40 지하1층 주차장,서울특별시,"토,일",09:00,18:00,Y,N,,1.0,,Y,서울특별시 서초구 방배로 40,,포스코ICT,,37.4784015,126.9999842,2019-06-03,3210000,서울특별시 서초구,,
119,방배4동,서울시 서초구 방배4동주민센터,서울특별시 서초구 방배로 173 지하 2층 주차장,서울특별시,"토,일",09:00,18:00,Y,N,,1.0,,Y,서울특별시 서초구 방배로 173,,포스코ICT,,37.488988,126.9922476,2019-06-03,3210000,서울특별시 서초구,,
120,방배본동,서울시 서초구 방배본동주민센터,서울특별시 서초구 동광로19길 38 지상주차장,서울특별시,"토,일",09:00,18:00,Y,N,,1.0,,Y,서울특별시 서초구 동광로19길 38,,포스코ICT,,37.494111,126.988833,2019-06-03,3210000,서울특별시 서초구,,
121,서초1동,서울시 서초구 서초1동주민센터,서울특별시 서초구 사임당로 89 지하1층 주차장,서울특별시,"토,일",09:00,18:00,Y,N,,1.0,,Y,서울특별시 서초구 사임당로 89,,포스코ICT,,37.49015120000001,127.0194515,2019-06-03,3210000,서울특별시 서초구,,
122,서초2동,서울시 서초구 서초2동주민센터,서울특별시 서초구 서초대로70길 51 지하1층 주차장,서울특별시,"토,일",09:00,18:00,Y,N,,1.0,,Y,서울특별시 서초구 서초대로70길 51,,포스코ICT,,37.492049,127.0249363,2019-06-03,3210000,서울특별시 서초구,,
123,잠원동,서울시 서초구 잠원동주민센터,서울특별시 서초구 나루터로 38 지하 2층 주차장,서울특별시,"토,일",09:00,18:00,Y,N,,1.0,,Y,서울특별시 서초구 나루터로 38,,포스코ICT,,37.514976,127.013942,2019-06-03,3210000,서울특별시 서초구,,
124,반포2동,서울시 서초소방서,서울특별시 서초구 사평대로 67 주차장,서울특별시,연중무휴,09:00,18:00,Y,N,,2.0,,Y,서울특별시 서초구 사평대로 67,,포스코ICT,,37.4985816,126.9919593,2019-06-03,3210000,서울특별시 서초구,,
125,양재1동,서울시 양재1동 주민센터,서울특별시 서초구 바우뫼로 41  주차장,서울특별시,"토,일",09:00,18:00,Y,N,,1.0,,Y,서울특별시 서초구 바우뫼로 41,,포스코ICT,,37.4716428,127.0266483,2019-06-03,3210000,서울특별시 서초구,,
126,양재2동,서울시 양재2동 주민센터,서울특별시 서초구 강남대로12길 44  주차장,서울특별시,"토,일",09:00,18:00,Y,N,,1.0,,Y,서울특별시 서초구 강남대로12길 44,,포스코ICT,,37.470588,127.0412109,2019-06-03,3210000,서울특별시 서초구,,
127,양재2동,서울시 이마트(양재점),서울특별시 서초구 매헌로 16  본관B2층,서울특별시,연중무휴,09:00,23:59,Y,N,,2.0,,Y,서울특별시 서초구 매헌로 16,,포스코ICT,,37.4624678886,127.0369482493,2019-06-03,3210000,서울특별시 서초구,,
128,양재1동,서울시 제이프러스 빌딩,서울특별시 서초구 바우뫼로37길 18  지하 주차장,서울특별시,"토,일",06:30,22:30,Y,N,,1.0,,Y,서울특별시 서초구 바우뫼로37길 18,,포스코ICT,,37.4796459,127.039626,2019-06-03,3210000,서울특별시 서초구,,
129,내곡동,서울시립어린이병원,서울특별시 서초구 헌릉로 260,서울특별시,연중무휴,00:00,23:59,N,Y,DC차데모+AC3상+DC콤보,,1.0,Y,서울특별시 서초구 헌릉로 260,,한국전력,,37.4554808,127.0688387,2019-06-03,3210000,서울특별시 서초구,,
130,서초1동,서울시인재개발원,서울특별시 서초구 남부순환로 340길 58,서울특별시,연중무휴,00:00,23:59,N,Y,DC차데모+AC3상+DC콤보,,1.0,Y,서울특별시 서초구 남부순환로 340길 58,,환경부(한국자동차환경협회),,37.4811943373,127.02343534040001,2019-06-03,3210000,서울특별시 서초구,,
131,양재2동,서울오토갤러리,서울특별시 서초구 양재대로11길 36 금관 지하 2층 주차장내(정산소 앞)(양재동 217번지 금관 지하 2층 주차장내(정산소 앞)),서울특별시,연중무휴,00:00,23:59,Y,N,AC완속,3.0,,Y,서울특별시 서초구 양재대로11길 36,,지엔텔,,37.4617954,127.0353646,2019-06-03,3210000,서울특별시 서초구,,
132,양재2동,서울추모공원,서울특별시 서초구 양재대로12길 74  1층 입구,서울특별시,연중무휴,00:00,23:59,N,Y,DC차데모+AC3상+DC콤보,,1.0,Y,서울특별시 서초구 양재대로12길 74,,환경부(한국자동차환경협회),,37.4522334,127.0427909,2019-06-03,3210000,서울특별시 서초구,,
133,서초2동,서초구청,서울특별시 서초구 남부순환로 2584,서울특별시,연중무휴,00:00,23:59,Y,Y,DC차데모+AC3상+DC콤보,4.0,1.0,Y,서울특별시 서초구 남부순환로 2584,,"한국전기차충전서비스,환경부(한국자동차환경협회)",,37.4835872,127.0326987,2019-06-03,3210000,서울특별시 서초구,,
134,서초2동,서초지사,서울특별시 서초구 효령로 72길 60,서울특별시,연중무휴,06:00,23:00,N,Y,DC차데모+AC3상+DC콤보,,2.0,Y,서울특별시 서초구 효령로 72길 60,,한국전력,,37.4856225,127.0280556,2019-06-03,3210000,서울특별시 서초구,,
135,서초3동,예술의 전당,서울특별시 서초구 서초동 700,서울특별시,연중무휴,00:00,23:59,N,Y,DC차데모+AC3상+DC콤보,,1.0,Y,서울특별시 서초구 서초동 700,,한국전력,,37.4790189,127.041438,2019-06-03,3210000,서울특별시 서초구,,
136,양재2동,이마트 양재점,"서울특별시 서초구 매헌로 16 , 지하주차장 2층 Z구역(양재동 215)",서울특별시,연중무휴,00:00,23:59,N,Y,DC차데모+AC3상,,1.0,Y,서울특별시 서초구 매헌로 16,,환경부(한국자동차환경협회),,37.4624678886,127.036935,2019-06-03,3210000,서울특별시 서초구,,
137,양재2동,하나로마트 양재점,서울특별시 서초구 청계산로 10,서울특별시,연중무휴,00:00,23:59,Y,Y,AC완속,2.0,1.0,Y,서울특별시 서초구 청계산로 10,,한국전기차충전서비스,,37.4629917,127.0434134,2019-06-03,3210000,서울특별시 서초구,,
138,서초2동,한국타이어 서초점,서울특별시 서초구 효령로 386,서울특별시,연중무휴,00:00,23:59,N,Y,DC차데모+AC3상+DC콤보,,1.0,Y,서울특별시 서초구 효령로 386,,한국전력,,37.487461,127.0261367,2019-06-03,3210000,서울특별시 서초구,,
139,양재2동,현대강남자동차써비스㈜,서울특별시 서초구 마방로 26,서울특별시,연중무휴,08:30,18:00,N,Y,DC차데모+DC콤보,,1.0,Y,서울특별시 서초구 마방로 26,,기아자동차,,37.474797,127.041474,2019-06-03,3210000,서울특별시 서초구,,
140,목1동,홈플러스 목동점,홈플러스 목동점 지상주차장 2층 01구역,서울특별시,"매월2,4주 일요일",10:00,23:59,N,Y,DC차데모+AC3상,0.0,1.0,Y,서울특별시 양천구 목동서로 170 (목동),서울특별시 양천구 목동 919-7,환경부(한국자동차환경협회),1661-9408,37.530241,126.8732314,2019-05-31,3140000,서울특별시 양천구,,
141,목1동,이마트 목동점,이마트 목동점 본관 B4층 E9구역,서울특별시,"매월2,4주 일요일",10:00,23:00,Y,N,AC완속,2.0,0.0,Y,서울특별시 양천구 오목로 299 (목동),서울특별시 양천구 목동 962,포스코ICT,1600-4047,37.5257763,126.8703272,2019-05-31,3140000,서울특별시 양천구,,
142,신월5동,이마트 신월점,이마트 신월점 옥외1층,서울특별시,"매월2,4주 일요일",10:00,23:59,Y,N,AC완속,1.0,0.0,Y,서울특별시 양천구 화곡로 59 (신월동),서울특별시 양천구 신월동 26,포스코ICT,1600-4047,37.539746,126.8285127,2019-05-31,3140000,서울특별시 양천구,,
143,신정6동,한국전력 강서양천지사,한국전력 강서양천지사 1층 주차장,서울특별시,연중무휴,00:00,00:00,N,Y,DC차데모+AC3상+DC콤보,0.0,1.0,N,서울특별시 양천구 목동서로 313,서울특별시 양천구 신정동 319-1,한국전력,1899-2100,37.5196727,126.8688231,2019-05-31,3140000,서울특별시 양천구,,
144,목1동,목동공영주차장,목동공영주차장 내 사무실 옆(현대백화점 방향),서울특별시,매년 추석 및 구정,00:00,00:00,N,Y,DC차데모+AC3상,2.0,1.0,Y,서울특별시 양천구 목동동로 316-10 양천구쓰레기압축환적장,서울특별시 양천구 목동 915,한국환경공단,1661-9408,37.5278451715,126.8778042718,2019-05-31,3140000,서울특별시 양천구,,
145,신월5동,가로공원 공영주차장,가로공원 공영주차장,서울특별시,연중무휴,00:00,00:00,Y,N,AC완속,4.0,0.0,Y,서울특별시 양천구 가로공원로 지하 133,서울특별시 양천구 신월동 263,환경부(한국자동차환경협회),1661-9408,37.5367251491,126.8308300981,2019-05-31,3140000,서울특별시 양천구,,
146,신월7동,해맞이공영주차장,해맞이주차장장 내 사무실 옆(입차 입구),서울특별시,연중무휴,00:00,00:00,N,Y,DC차데모+AC3상+DC콤보,0.0,1.0,Y,서울특별시 양천구 지양로 47 신월문화체육센타,서울특별시 양천구 신월7동 987,한국환경공단,1661-9408,37.51993,126.832662,2019-05-31,3140000,서울특별시 양천구,,
147,신정6동,양천구청 지하주차장,양천구청 지하주차장,서울특별시,연중무휴,09:00,18:00,Y,N,AC완속,2.0,0.0,Y,서울특별시 양천구 목동동로 105,서울특별시 양천구 신정동 321-4,(주)에버온,1661-7766,37.5169164,126.86647340000002,2019-05-31,3140000,서울특별시 양천구,,
148,신정6동,양천구청 지상주차장,양천구청 지상주차장,서울특별시,연중무휴,00:00,00:00,N,Y,DC차데모+AC3상+DC콤보,0.0,1.0,Y,서울특별시 양천구 목동동로 105,서울특별시 양천구 신정동 321-4,보타리에너지(주),064-747-8826,37.5169164,126.86647340000002,2019-05-31,3140000,서울특별시 양천구,,
149,목2동,목2동주민센터,목2동주민센터 주차장,서울특별시,연중무휴,00:00,00:00,N,Y,DC차데모+AC3상+DC콤보,0.0,1.0,N,서울특별시 양천구 목동중앙본로 120,서울특별시 양천구 목동 530-6,환경부(한국자동차환경협회),1661-9408,37.54610220000001,126.871647,2019-05-31,3140000,서울특별시 양천구,,
150,목5동,서울에너지공사,서울에너지공사 정문옆,서울특별시,연중무휴,00:00,00:00,Y,Y,DC차데모+AC3상+DC콤보,1.0,4.0,N,서울특별시 양천구 목동서로 20,서울특별시 양천구 목동 900,한국전력,1899-2100,37.5401156046,126.883709,2019-05-31,3140000,서울특별시 양천구,,
151,신월5동,신월5동주민센터,신월5동주민센터 주차장,서울특별시,연중무휴,00:00,00:00,Y,Y,DC차데모+AC4상+DC콤보,1.0,1.0,N,서울특별시 양천구 화곡로4길 10,서울특별시 양천구 신월동 52-2,환경부(한국자동차환경협회),1661-9408,37.5385259,126.8271645,2019-05-31,3140000,서울특별시 양천구,,
152,신정3동,신정3동 현장민원실,민원실 주차장,서울특별시,연중무휴,00:00,00:00,N,Y,DC콤보,0.0,1.0,N,서울특별시 양천구 남부순환로88길 5-7,서울특별시 양천구 신정동 1287-5,환경부(한국자동차환경협회),1661-9408,37.5113026,126.8414511,2019-05-31,3140000,서울특별시 양천구,,
153,군자동,강변테트노마트 주차장,지하 4층,서울특별시,연중무휴,00:00,23:59,N,Y,AC3상+DC차데모+DC콤보,1.0,1.0,N,서울특별시 광진구 광나루로 56길 85 지하4층 주차장,,한국전력,1899-2100,37.53576,127.0934,2019-02-28,3040000,서울특별시 광진구,,
154,자양1동,광진구청 주차장,보건소앞,서울특별시,연중무휴,00:00,23:59,N,Y,AC3상+DC차데모+DC콤보,0.0,1.0,N,서울특별시 광진구 자양로 117 보건소 앞,,한국전력,1899-2100,37.53837,127.0802,2019-02-28,3040000,서울특별시 광진구,,
155,자양3동,뚝도변전소,변전소앞,서울특별시,연중무휴,00:00,23:59,N,Y,AC3상+DC차데모+DC콤보,0.0,2.0,N,서울특별시 광진구 자양3동 510-8,,한국전력,1899-2100,37.53614,127.0672,2019-02-28,3040000,서울특별시 광진구,,
156,능동,어린이대공원후문주차장,후문주차장,서울특별시,연중무휴,00:00,23:59,N,Y,AC3상+DC차데모+DC콤보,0.0,2.0,N,서울특별시 광진구 능동로 216 어린이대공원 후문주차장,,환경부(한국자동차환경협회)서울시(한국자동차환경협회),1661-9408,37.55195,127.0852,2019-02-28,3040000,서울특별시 광진구,,
157,능동,어린이대공원후문주차장,입구정면,서울특별시,연중무휴,00:00,23:59,Y,N,AC3상,1.0,0.0,N,서울특별시 광진구 능동로 216 후문방향 진입 꿈마루 사무실앞,,포스코ICT,1600-4047,37.54863,127.0763,2019-02-28,3040000,서울특별시 광진구,,
158,자양4동,자양2동유수지 공영주차장,주차장,서울특별시,연중무휴,00:00,23:59,N,Y,AC3상+DC차데모+DC콤보,0.0,2.0,Y,서울특별시 광진구 뚝섬로 52길 74,,한국전력,1899-2100,37.52999000000001,127.0779,2019-02-28,3040000,서울특별시 광진구,,
159,중곡4동,중곡4동주민센터,주차장,서울특별시,연중무휴,09:00,18:00,Y,N,AC3상,1.0,0.0,N,서울특별시 광진구 긴고랑로 131 주차장,,포스코ICT,1600-4047,37.55905300000001,127.087223,2019-02-28,3040000,서울특별시 광진구,,
160,자양4동,중곡3동주민센터,주차장,서울특별시,연중무휴,09:00,18:00,Y,N,AC3상,1.0,0.0,N,서울특별시 광진구 동일로 76가길 28 주차장,,포스코ICT,1600-4047,37.561252,127.069992,2019-02-28,3040000,서울특별시 광진구,,
161,중곡2동,중곡2동주민센터,주차장,서울특별시,연중무휴,09:00,18:00,Y,N,AC3상,1.0,0.0,N,서울특별시 광진구 능동로 346 주차장,,포스코ICT,1600-4047,37.55905300000001,127.087223,2019-02-28,3040000,서울특별시 광진구,,
162,중곡1동,중곡1동주민센터,주차장,서울특별시,연중무휴,09:00,18:00,Y,N,AC3상,1.0,0.0,N,서울특별시 광진구 긴고랑로 12길 49 주차장,,포스코ICT,1600-4047,37.560511,127.077864,2019-02-28,3040000,서울특별시 광진구,,
163,군자동,군자동주민센터,주차장,서울특별시,연중무휴,00:00,24:00,Y,N,AC3상,1.0,0.0,N,서울특별시 광진구 군자로 151 주차장,,포스코ICT,1600-4047,37.555122,127.073688,2019-02-28,3040000,서울특별시 광진구,,
164,화양동,화양동주민센터,주차장,서울특별시,연중무휴,09:00,18:00,Y,N,AC3상,1.0,0.0,N,서울특별시 광진구 능동로 17길 39 지하2층 중앙기둥 뒤,,포스코ICT,1600-4047,37.546406,127.069138,2019-02-28,3040000,서울특별시 광진구,,
165,자양4동,자양4동주민센터,주차장,서울특별시,연중무휴,09:00,18:00,Y,N,AC3상,1.0,0.0,N,서울특별시 광진구 뚝섬로 26길 58 주차장,,포스코ICT,1600-4047,37.534055,127.064042,2019-02-28,3040000,서울특별시 광진구,,
166,자양3동,자양3동주민센터,주차장,서울특별시,연중무휴,00:00,24:00,Y,N,AC3상,1.0,0.0,N,서울특별시 광진구 뚝섬로 568 주차장,,포스코ICT,1600-4047,37.533794,127.070701,2019-02-28,3040000,서울특별시 광진구,,
167,자양1동,자양2동주민센터,주차장,서울특별시,연중무휴,00:00,24:00,Y,N,AC3상,1.0,0.0,N,서울특별시 광진구 자양로 3가길 26 주차장,,포스코ICT,1600-4047,37.528775,127.082358,2019-02-28,3040000,서울특별시 광진구,,
168,자양1동,자양1동주민센터,주차장,서울특별시,연중무휴,09:00,18:00,Y,N,AC3상,1.0,0.0,N,서울특별시 광진구 자양로 13길 37 주차장,,포스코ICT,1600-4047,37.53446,127.080193,2019-02-28,3040000,서울특별시 광진구,,
169,구의3동,구의3동주민센터,주차장,서울특별시,연중무휴,09:00,18:00,Y,N,AC3상,1.0,0.0,N,서울특별시 광진구 강변역로 17 지하1층 주차장,,포스코ICT,1600-4047,37.538066,127.089692,2019-02-28,3040000,서울특별시 광진구,,
170,구의2동,구의2동주민센터,주차장,서울특별시,연중무휴,09:00,18:00,Y,N,AC3상,1.0,0.0,N,서울특별시 광진구 천호대로 136길 55 지하1층주차장,,포스코ICT,1600-4047,37.547202,127.087722,2019-02-28,3040000,서울특별시 광진구,,
171,광장동,광장동주민센터,주차장,서울특별시,연중무휴,00:00,24:00,Y,N,AC3상,1.0,0.0,N,서울특별시 광진구 광장로 52 주차장,,포스코ICT,1600-4047,37.546804,127.100931,2019-02-28,3040000,서울특별시 광진구,,
172,능동,능동주민센터,주차장,서울특별시,연중무휴,00:00,24:00,Y,N,AC3상,1.0,0.0,N,서울특별시 광진구 천호대로 112길 55 주차장,,포스코ICT,1600-4047,37.553717,127.078343,2019-02-28,3040000,서울특별시 광진구,,
173,장충동,그랜드앰배서더 서울,주차장 내,서울특별시,연중무휴,00:00,24:00,N,Y,DC차데모+AC3상+DC콤보,0.0,1.0,N,서울특별시 중구 동호로 287,서울특별시 중구 장충동2가 186-54,환경부(한국자동차환경협회),1661-9408,37.560133,127.00231,2018-08-24,3010000,서울특별시 중구,,
174,구로제2동,롯데마트 구로점,롯데마트 구로점 지상주차장 5층,서울특별시,"매월 2,4주 일요일",10:00,00:00,N,Y,DC차 데모+AC 3상,0.0,1.0,N,서울특별시 구로구 경인로 482,서울특별시 구로구 구로동 636-89,환경부(한국자동차환경협회),02-1661-9408,37.498304,126.872754,2019-02-22,3160000,서울특별시 구로구,,
175,구로제2동,구로구청,구로구청 광장 공영주차장,서울특별시,연중무휴,00:00,00:00,Y,Y,DC차 데모+AC 3상+DC콤보,9.0,1.0,N,서울특별시 구로구 가마산로 245,서울특별시 구로구 구로동 435번지,한국전력공사,02-860-3303,37.49547000000001,126.887699,2019-02-22,3160000,서울특별시 구로구,,
176,오류제2동,천왕역,천왕역 환승주차장 1층,서울특별시,연중무휴,00:00,00:00,N,Y,DC차 데모+AC 3상,0.0,1.0,Y,,서울특별시 구로구 오류동 174-10,환경부(한국자동차환경협회),02-1661-9408,37.487258,126.839174,2019-02-22,3160000,서울특별시 구로구,,
177,구로제4동,구로리공원,구로리공원 전화부스,서울특별시,연중무휴,00:00,00:00,N,Y,DC차 데모+AC 3상+DC콤보,0.0,1.0,N,서울특별시 구로구 구로중앙로 17,서울특별시 구로구 구로4동 142-62,환경부(한국자동차환경협회),02-1661-9408,37.491605,126.891558,2019-02-22,3160000,서울특별시 구로구,,
178,고척제2동,고척근린공원,고척근린공원 공영주차장 지하2층,서울특별시,연중무휴,00:00,00:00,N,Y,DC차 데모+AC 3상+DC콤보,0.0,1.0,N,서울특별시 구로구 고척로45길 39,서울특별시 구로구 고척동 164-12,한국전력공사,02-839-4875,37.502972,126.852798,2019-02-22,3160000,서울특별시 구로구,,
179,구로제4동,구로4동 공영주차장,구로4동 공영주차장 지상1층,서울특별시,연중무휴,00:00,00:00,N,Y,DC차 데모+AC 3상+DC콤보,0.0,1.0,N,서울특별시 구로구 구로동로 26길 54,서울특별시 구로구 구로동 741-27,한국전력공사,02-839-4875,37.489868,126.887247,2019-02-22,3160000,서울특별시 구로구,,
180,신도림동,홈프러스 신도림점,홈프러스 신도림점 주차장 지하2층,서울특별시,연중무휴,00:00,00:00,N,Y,DC차 데모+AC 3상+DC콤보,0.0,1.0,N,서울특별시 구로구 경인로 661,서울특별시 구로구 경인로 661,환경부(한국자동차환경협회),02-1661-9408,37.5096,126.887726,2019-02-22,3160000,서울특별시 구로구,,
181,고척제1동,고척스카이돔,지하주차장 옆 비상도로,서울특별시,연중무휴,00:00,00:00,N,Y,DC차 데모+AC 3상+DC콤보,0.0,3.0,N,서울특별시 구로구 경인로 430,서울특별시 구로구 경인로 430,한국전력공사,02-878-8385,37.498381,126.867165,2019-02-22,3160000,서울특별시 구로구,,
182,구로제5동,신도림테크노마트,"지하5층 578,579기둥",서울특별시,연중무휴,00:00,00:00,N,Y,DC차 데모+AC 3상+DC콤보,3.0,2.0,Y,서울특별시 구로구 새말로 97,서울특별시 구로구 새말로 97,지엔텔,02-1544-4279,37.302489,126.532525,2019-02-22,3160000,서울특별시 구로구,,
183,사당제2동,동작주차공원,서울특별시 동작구 현충로 213 동작주차공원,서울특별시,연중무휴,00:00,23:59,N,Y,,0.0,1.0,Y,서울특별시 동작구 현충로 213 동작주차공원,,한국환경공단,032-590-4000,37.503893,126.977654,2019-05-02,3190000,서울특별시 동작구,,
184,대방동,현대자동차㈜남부서비스센터,서울특별시 동작구 노량진로 53 현대자동차(주)남부서비스센터,서울특별시,연중무휴,00:00,23:59,N,Y,,0.0,1.0,N,서울특별시 동작구 노량진로 53 현대자동차(주)남부서비스센터,,한국환경공단,032-590-4000,37.514007,126.934466,2019-05-02,3190000,서울특별시 동작구,,
185,노량진제2동,동작구청,서울특별시 동작구 장승배기로 161 쌈지공원앞,서울특별시,연중무휴,00:00,23:59,N,Y,,0.0,1.0,Y,서울특별시 동작구 장승배기로 161 쌈지공원앞,,한국환경공단,032-590-4000,37.51232460000001,126.939411,2019-05-02,3190000,서울특별시 동작구,,
186,대방동,서울시 여성가족재단,서울특별시 동작구 여의대방로 54길 18,서울특별시,연중무휴,00:00,23:59,N,Y,,0.0,1.0,Y,서울특별시 동작구 여의대방로 54길 18,,한국환경공단,032-590-4000,37.5115519,126.9271787,2019-05-02,3190000,서울특별시 동작구,,
187,흑석동,중앙대학교병원 다정관 주차장,서울특별시 동작구 흑석로 102 다정관 뒤편,서울특별시,연중무휴,00:00,23:59,N,Y,,0.0,1.0,Y,서울특별시 동작구 흑석로 102 다정관 뒤편,,한국환경공단,032-590-4000,37.5069754,126.9605231,2019-05-02,3190000,서울특별시 동작구,,
188,상도제1동,숭실대학교 학생회관,서울특별시 동작구 상도로 369,서울특별시,연중무휴,00:00,23:59,N,Y,,0.0,1.0,Y,서울특별시 동작구 상도로 369,,한국환경공단,032-590-4000,37.49634620000001,126.9568865,2019-05-02,3190000,서울특별시 동작구,,
189,방화제2동,개화산역주차장,주차장 내부,서울특별시,연중무휴,00:00,23:59,Y,Y,,5.0,1.0,Y,서울특별시 강서구 양천로 22  (방화동),서울특별시 강서구 방화동 846,서울특별시시설관리공단,02-2290-6449,37.572362,126.805774,2019-04-30,B553774,서울시설공단,,
190,방화제2동,개화역주차장,주차장 내부,서울특별시,연중무휴,00:00,23:59,Y,N,,1.0,0.0,Y,서울특별시 강서구 개화동로8길,서울특별시 강서구 개화동 664,서울특별시시설관리공단,02-2290-6449,37.578556,126.796745,2019-04-30,B553774,서울시설공단,,
191,진관동,구파발역주차장,주차장 내부,서울특별시,연중무휴,00:00,23:59,Y,Y,,2.0,1.0,Y,서울특별시 은평구 진관2로 15-40,서울특별시 은평구 진관동 70-1,서울특별시시설관리공단,02-2290-6449,37.638085,126.919142,2019-04-30,B553774,서울시설공단,,
192,시흥제1동,남부여성발전센터주차장,주차장 내부,서울특별시,연중무휴,00:00,23:59,Y,N,,1.0,0.0,Y,서울특별시 금천구 시흥동 산 139-2,서울특별시 금천구 독산로50길 23 (시흥동),서울특별시시설관리공단,02-2290-6449,37.463112,126.905924,2019-04-30,B553774,서울시설공단,,
193,용강동,마포유수지주차장,주차장 내부,서울특별시,연중무휴,00:00,23:59,Y,Y,,6.0,1.0,Y,서울특별시 마포구 마포대로1길 9  (마포동),서울특별시 마포구 마포동 36-1,서울특별시시설관리공단,02-2290-6449,37.53879000000001,126.942649,2019-04-30,B553774,서울시설공단,,
194,위례동,복정역주차장,주차장 내부,서울특별시,연중무휴,00:00,23:59,Y,Y,,2.0,1.0,Y,서울특별시 송파구 송파대로 지하 6 (장지동),서울특별시 송파구 장지동 569-21,서울특별시시설관리공단,02-2290-6449,37.471045,127.126758,2019-04-30,B553774,서울시설공단,,
195,사직동,세종로주차장,주차장 내부,서울특별시,연중무휴,00:00,23:59,Y,Y,,2.0,1.0,Y,서울특별시 종로구 세종로 80-1(지하),서울특별시 종로구 세종대로 지하 189 (세종로),서울특별시시설관리공단,02-2290-6449,37.573386,126.975832,2019-04-30,B553774,서울시설공단,,
196,상계1동,수락산역주차장,주차장 내부,서울특별시,연중무휴,00:00,23:59,Y,N,,4.0,0.0,Y,,서울특별시 노원구 상계동 1268,서울특별시시설관리공단,02-2290-6449,37.678995,127.055882,2019-04-30,B553774,서울시설공단,,
197,수서동,수서역주차장,주차장 내부,서울특별시,연중무휴,00:00,23:59,Y,Y,,4.0,1.0,Y,서울특별시 강남구 광평로 지하270 (수서동),서울특별시 강남구 수서동 735,서울특별시시설관리공단,02-2290-6449,37.487944,127.09993500000002,2019-04-30,B553774,서울시설공단,,
198,당산제1동,영등포구청역주차장,주차장 내부,서울특별시,연중무휴,00:00,23:59,Y,N,,4.0,0.0,Y,서울특별시 영등포구 양산로19길 8 (당산동3가),서울특별시 영등포구 당산동3가 370,서울특별시시설관리공단,02-2290-6449,37.524876,126.895153,2019-04-30,B553774,서울시설공단,,
199,한강로동,용산주차빌딩주차장,주차장 내부,서울특별시,연중무휴,00:00,23:59,Y,N,,1.0,0.0,Y,서울특별시 용산구 한강로2가 12-9,서울특별시 용산구 새창로49길 42 (한강로2가),서울특별시시설관리공단,02-2290-6449,37.534362,126.965377,2019-04-30,B553774,서울시설공단,,
200,잠실6동,잠실역주차장,주차장 내부,서울특별시,연중무휴,00:00,23:59,Y,N,,6.0,0.0,Y,서울특별시 송파구 신천동 29,서울특별시 송파구 올림픽로 300 (신천동),서울특별시시설관리공단,02-2290-6449,37.513103,127.103474,2019-04-30,B553774,서울시설공단,,
201,종로1·2·3·4가동,종묘주차장,주차장 내부,서울특별시,연중무휴,00:00,23:59,Y,Y,,2.0,1.0,Y,서울특별시 종로구 종로 157 (훈정동),서울특별시 종로구 훈정동 1-2,서울특별시시설관리공단,02-2290-6449,37.574496,126.994045,2019-04-30,B553774,서울시설공단,,
202,창4동,창동역주차장,주차장 내부,서울특별시,연중무휴,00:00,23:59,Y,Y,,4.0,1.0,Y,서울특별시 도봉구 마들로11길 20 (창동),서울특별시 도봉구 창동 1-10,서울특별시시설관리공단,02-2290-6449,37.654781,127.050827,2019-04-30,B553774,서울시설공단,,
203,오류제2동,천왕역주차장,주차장 내부,서울특별시,연중무휴,00:00,23:59,Y,Y,,2.0,1.0,Y,서울특별시 구로구 오리로 지하1154  (오류동),서울특별시 구로구 오류동 174-5,서울특별시시설관리공단,02-2290-6449,37.4866,126.83889,2019-04-30,B553774,서울시설공단,,
204,천호제2동,천호역주차장,주차장 내부,서울특별시,연중무휴,00:00,23:59,Y,N,,2.0,0.0,Y,서울특별시 강동구 천호대로 997,서울특별시 강동구 천호동 455,서울특별시시설관리공단,02-2290-6449,37.57815,126.800082,2019-04-30,B553774,서울시설공단,,
205,대치2동,학여울역주차장,주차장 내부,서울특별시,연중무휴,00:00,23:59,Y,Y,,2.0,1.0,Y,서울특별시 강남구 남부순환로 지하3104 (대치동),서울특별시 강남구 대치동 512,서울특별시시설관리공단,02-2290-6449,37.495109,127.069857,2019-04-30,B553774,서울시설공단,,
206,한남동,한강진역주차장,주차장 내부,서울특별시,연중무휴,00:00,23:59,N,Y,,0.0,1.0,Y,서울특별시 용산구 이태원로 274  (한남동),서울특별시 용산구 한남동 728-10,서울특별시시설관리공단,02-2290-6449,37.539028,127.002074,2019-04-30,B553774,서울시설공단,,
207,묵제1동,화랑대역주차장,주차장 내부,서울특별시,연중무휴,00:00,23:59,Y,N,,1.0,0.0,Y,,서울특별시 중랑구 묵동 28,서울특별시시설관리공단,02-2290-6449,37.619685,127.086636,2019-04-30,B553774,서울시설공단,,
208,명일제2동,이마트명일점 충전소,이마트 명일점(E구역),서울특별시,"둘째,넷째 일요일",10:00,23:59,N,Y,DC차데모/AC3상,,1.0,N,서울특별시 강동구 고덕로 276,서울특별시 강동구 명일동 46-4,환경부,1661-9408,37.5546516,127.1557517,2019-06-20,3240000,서울특별시 강동구,,
209,암사제1동,암사1동 공영주차장,지하1층 좌측,서울특별시,없음,00:00,23:59,N,Y,DC차데모/AC3상/DC콤보,,1.0,Y,서울특별시 강동구 고덕로 28길 36,서울특별시 강동구 암사동 산59-2,환경부,1661-9408,37.55275620000001,127.13797959999998,2019-06-20,3240000,서울특별시 강동구,,
210,천호제3동,천호3동 제1공영주차장,지하1층 26,서울특별시,없음,00:00,23:59,N,Y,DC차데모/AC3상/DC콤보,,1.0,Y,서울특별시 강동구 진황도로 29길 34,서울특별시 강동구 천호동 167-195,환경부,1661-9408,37.5390879,127.1332521,2019-06-20,3240000,서울특별시 강동구,,
211,천호제2동,천호유수지 공영주차장,입구 좌측 끝,서울특별시,없음,00:00,23:59,N,Y,DC차데모/AC3상/DC콤보,,1.0,Y,서울특별시 강동구 선사로 70,서울특별시 강동구 천호동 329,환경부,1661-9408,37.5447732,127.1218699,2019-06-20,3240000,서울특별시 강동구,,
212,둔촌제1동,강동송파지사,정문주차장 좌측,서울특별시,없음,06:00,23:00,N,N,DC차데모/AC3상/DC콤보,,1.0,N,서울특별시 강동구 양재대로 1318,서울특별시 강동구 둔촌동 522-9,한국전력,1899-2100,37.5237544,127.1356819,2019-06-20,3240000,서울특별시 강동구,,
213,명일제1동,명일동 공영주차장,지하3층 주차장 안쪽 전기실 앞,서울특별시,없음,00:00,23:59,N,Y,DC차데모/AC3상/DC콤보,,2.0,Y,서울특별시 강동구 구천면로 395,서울특별시 강동구 명일동 312-250,한국전력,02-480-2275,37.5510151,127.14289209999998,2019-06-20,3240000,서울특별시 강동구,,
214,천호제1동,천호1동 공영주차장,지하1층 주차장 좌측 바로 앞,서울특별시,없음,00:00,23:59,N,Y,DC차데모/AC3상/DC콤보,,2.0,Y,서울특별시 강동구 구천면로 42길 60,서울특별시 강동구 천호동 87-26,한국전력,02-480-2275,37.54480220000001,127.1363138,2019-06-20,3240000,서울특별시 강동구,,
215,천호제2동,현대백화점 천호점,지하5층 주차장 입구 바로 앞,서울특별시,없음,00:00,23:59,N,Y,DC차데모/AC3상/DC콤보,,3.0,Y,서울특별시 강동구 천호대로 1005,서울특별시 강동구 천호동 455-8,한국전력,02-480-2275,37.5388007,127.1243716,2019-06-20,3240000,서울특별시 강동구,,
216,천호제1동,홈플러스 강동점,지하1층,서울특별시,"둘째,넷째 일요일",10:00,23:59,N,Y,DC차데모/AC3상/DC콤보,,1.0,N,서울특별시 강동구 양재대로 1571,서울특별시 강동구 천호동 42,한국전력,1899-2100,37.54565820000001,127.1422439,2019-06-20,3240000,서울특별시 강동구,,
217,성내제1동,강동구청,주차장,서울특별시,없음,00:00,23:59,N,Y,DC콤보,,2.0,Y,서울특별시 강동구 성내로 25,서울특별시 강동구 성내동 540,환경부,1661-9408,37.5302554,127.1237961,2019-06-20,3240000,서울특별시 강동구,,
218,천호제2동,천호역공영주차장,지하1층 A35구역,서울특별시,없음,00:00,23:59,N,Y,DC차데모/AC3상/DC콤보,,1.0,Y,서울특별시 강동구 천호대로 1015,서울특별시 강동구 천호동 455,서울시,02-290-6201,37.53846179999999,127.12509409999998,2019-06-20,3240000,서울특별시 강동구,,
219,성내제2동,성내사옥,주차장,서울특별시,없음,09:00,18:00,N,Y,DC차데모/DC콤보,,1.0,N,서울특별시 강동구 천호대로 1096,서울특별시 강동구 성내2동 192-3,현대자동차,,37.5351932,127.1332123,2019-06-20,3240000,서울특별시 강동구,,
220,강일동,삼성글로벌엔지니어링,지하4층 B12구역,서울특별시,없음,06:00,23:59,N,Y,DC차데모/AC3상/DC콤보,,1.0,N,서울특별시 강동구 상일로6길 26,서울특별시 강동구 상일동 500,에버온,1661-7766,37.5488618,127.1753808,2019-06-20,3240000,서울특별시 강동구,,
221,천호제2동,천호역공영주차장,주차장,서울특별시,없음,00:00,23:59,Y,N,AC완속,3.0,,Y,서울특별시 강동구 천호대로 997,서울특별시 강동구 천호동 455,한국전기차충전서비스,1522-1782,37.53934079,127.1233007,2019-06-20,3240000,서울특별시 강동구,,
222,성내제1동,강동구청,주차장,서울특별시,없음,00:00,23:59,Y,N,AC완속,1.0,,N,서울특별시 강동구 성내로 25,서울특별시 강동구 성내동 540,한국전기차충전서비스,1522-1782,37.5302554,127.1237961,2019-06-20,3240000,서울특별시 강동구,,
223,암사제2동,암사동선사유적지,주차장,서울특별시,없음,00:00,23:59,Y,N,AC완속,1.0,,N,서울특별시 강동구 올림픽로 875,서울특별시 강동구 암사동 139-2,한국전기차충전서비스,1522-1782,37.5605739,127.1308674,2019-06-20,3240000,서울특별시 강동구,,
224,성내제1동,강동수도사업소,주차장,서울특별시,없음,00:00,23:59,Y,N,AC완속,1.0,,N,서울특별시 강동구 성내로 51,서울특별시 강동구 성내동 541-4,한국전기차충전서비스,1522-1782,37.5291289,127.1262112,2019-06-20,3240000,서울특별시 강동구,,
225,성내제2동,서울시 LGBESTSHOP(천호점),주차장,서울특별시,없음,00:00,23:59,Y,N,AC완속,1.0,,N,서울특별시 강동구 천호대로 1060,서울특별시 강동구 성내동 19-27,포스코ICT,1600-4047,37.5362586,127.12934380000002,2019-06-20,3240000,서울특별시 강동구,,
226,명일제2동,서울시 이마트(명일점),본관B2층 E구역,서울특별시,없음,00:00,23:59,Y,N,AC완속,1.0,,N,서울특별시 강동구 고덕로 276,서울특별시 강동구 명일동 46-4,포스코ICT,1600-4047,37.5546516,127.1557517,2019-06-20,3240000,서울특별시 강동구,,
227,암사제3동,서울시 상수도사업본부 암사 아리수정수센터,주차장,서울특별시,없음,00:00,23:59,Y,N,AC완속,1.0,,N,서울특별시 강동구 아리수로 131,서울특별시 강동구 암사동 3,포스코ICT,1600-4047,37.5634189,127.1413985,2019-06-20,3240000,서울특별시 강동구,,
228,성내제1동,서울시 강동구 강동소방서,주차장,서울특별시,없음,09:00,18:00,Y,N,AC완속,2.0,,N,서울특별시 강동구 성내로 39,서울특별시 강동구 성내동 541,포스코ICT,1600-4047,37.52938020000001,127.1251007,2019-06-20,3240000,서울특별시 강동구,,
229,성내제2동,성내사옥,주차장,서울특별시,없음,09:00,18:00,Y,N,AC완속,1.0,,N,서울특별시 강동구 천호대로 1096,서울특별시 강동구 성내2동 192-3,현대자동차,,37.5351932,127.1332123,2019-06-20,3240000,서울특별시 강동구,,
230,둔촌제2동,한국보훈복지의료공단 중앙보훈병원,주차장벽면,서울특별시,없음,00:00,23:59,Y,N,AC완속,10.0,,N,서울특별시 강동구 진황도로 61길 53,서울특별시 강동구 둔촌동 6-2,지엔텔,1544-4279,37.528778,127.1476066,2019-06-20,3240000,서울특별시 강동구,,
231,천호제1동,강동구청 고덕1동주민센타,주차장,서울특별시,없음,00:00,23:59,Y,N,AC완속,1.0,,N,서울특별시 강동구 양재대로 1571,서울특별시 강동구 천호동 42,지엔텔,1544-4279,37.54565820000001,127.1422439,2019-06-20,3240000,서울특별시 강동구,,
232,길동,강동구청 길동주민센타,주차장,서울특별시,없음,00:00,23:59,Y,N,AC완속,1.0,,N,서울특별시 강동구 명일로 229-1,서울특별시 강동구 길동 103-1,지엔텔,1544-4279,37.5391766,127.1461768,2019-06-20,3240000,서울특별시 강동구,,
233,명일제1동,강동구청 명일1동주민센타,주차장,서울특별시,없음,00:00,23:59,Y,N,AC완속,1.0,,N,서울특별시 강동구 양재대로 138길 37,서울특별시 강동구 명일동 327-5,지엔텔,1544-4279,37.54972460000001,127.1459682,2019-06-20,3240000,서울특별시 강동구,,
234,성내제2동,강동구청 성내2동주민센타,주차장,서울특별시,없음,00:00,23:59,Y,N,AC완속,1.0,,N,서울특별시 강동구 풍성로 37가길 62,서울특별시 강동구 성내동 508,지엔텔,1544-4279,37.53239179999999,127.1295279,2019-06-20,3240000,서울특별시 강동구,,
235,성내제3동,강동구청 성내3동주민센타,주차장,서울특별시,없음,00:00,23:59,Y,N,AC완속,1.0,,N,서울특별시 강동구 강동대로 53길 76,서울특별시 강동구 성내동 430-29,지엔텔,1544-4279,37.5260027,127.1328729,2019-06-20,3240000,서울특별시 강동구,,
236,성내제1동,강동보건소,본관후면지상주차장,서울특별시,없음,09:00,18:00,Y,N,AC완속,1.0,,N,서울특별시 강동구 성내로 45,서울특별시 강동구 성내동 541-2,지엔텔,1544-4279,37.5293701,127.1255567,2019-06-20,3240000,서울특별시 강동구,,
237,상일동,강동구청상일동주민센터,지하1층주차장,서울특별시,없음,09:00,18:00,Y,N,AC완속,1.0,,N,서울특별시 강동구 구천면로 633,서울특별시 강동구 상일동 513-2,지엔텔,1544-4279,37.55058375,127.1683004,2019-06-20,3240000,서울특별시 강동구,,
238,강일동,삼성글로벌엔지니어링,지하4층 B12구역,서울특별시,없음,06:00,23:59,N,Y,DC차데모/DC콤보,,2.0,N,서울특별시 강동구 상일로6길 26,서울특별시 강동구 상일동 500,에버온,1661-7766,37.5488618,127.1753808,2019-06-20,3240000,서울특별시 강동구,,
239,신내2동,중랑구청,중랑구청 지하주차장,서울특별시,"매주 토,일",09:00,18:00,Y,N,,2.0,0.0,Y,서울특별시 중랑구 봉화산로 179,서울특별시 중랑구 신내동 662,중랑구청 총무과,02-2094-0323,37.606568,127.092624,2018-10-08,3060000,서울특별시 중랑구,,
240,삼양동,롯데마트(삼양점),주차장 3층(북쪽),서울특별시,매월2/4주일요일,10:00,23:59,N,Y,DC차데모+AC3상,,1.0,N,"서울특별시 강북구 삼양로 247, 롯데마트",서울특별시 강북구 미아동 1359 롯데마트,시그넷시스템,031-909-8123,37.625454,127.0177185,2019-05-21,3080000,서울특별시 강북구,,
241,삼양동,삼양동주민센터,강북구 삼양로 268,서울특별시,매주 토/일요일 공휴일,09:00,18:00,Y,N,,1.0,,N,서울특별시 강북구 삼양로 268,서울특별시 강북구 미아동 791-350,㈜포스코ICT,1600-4047,37.6273084,127.0183501,2019-05-21,3080000,서울특별시 강북구,,
242,미아동,미아동주민센터,강북구 솔매로49길 14,서울특별시,매주 토/일요일 공휴일,09:00,18:00,Y,N,,1.0,,N,서울특별시 강북구 솔매로49길 14,서울특별시 강북구 미아동 197-1,㈜포스코ICT,1600-4047,37.62697670000001,127.026935,2019-05-21,3080000,서울특별시 강북구,,
243,송중동,송중동주민센터,강북구 오패산로 162,서울특별시,매주 토/일요일 공휴일,09:00,18:00,Y,N,,1.0,,N,서울특별시 강북구 오패산로 162,서울특별시 강북구 미아동 87-141,㈜포스코ICT,1600-4047,37.6160871,127.03377009999998,2019-05-21,3080000,서울특별시 강북구,,
244,송천동,송천동주민센터,강북구 솔샘로 284,서울특별시,매주 토/일요일 공휴일,09:00,18:00,Y,N,,1.0,,N,서울특별시 강북구 솔샘로 284,서울특별시 강북구 미아동 860-56,㈜포스코ICT,1600-4047,37.6182561,127.0238374,2019-05-21,3080000,서울특별시 강북구,,
245,삼각산동,삼각산동주민센터,강북구 삼양로19길 34,서울특별시,매주 토/일요일 공휴일,09:00,18:00,Y,N,,1.0,,N,서울특별시 강북구 삼양로19길 34,서울특별시 강북구 미아동 813-3,㈜포스코ICT,1600-4047,37.6151481261,127.02074086299999,2019-05-21,3080000,서울특별시 강북구,,
246,번1동,번1동주민센터,강북구 덕릉로41길 74,서울특별시,매주 토/일요일 공휴일,09:00,18:00,Y,N,,1.0,,N,서울특별시 강북구 덕릉로41길 74,서울특별시 강북구 번동 417-11,㈜포스코ICT,1600-4047,37.6378543,127.0288406,2019-05-21,3080000,서울특별시 강북구,,
247,번2동,번2동주민센터,강북구 한천로 897,서울특별시,매주 토/일요일 공휴일,09:00,18:00,Y,N,,1.0,,N,서울특별시 강북구 한천로 897,서울특별시 강북구 번동 232,㈜포스코ICT,1600-4047,37.6321857,127.0388254,2019-05-21,3080000,서울특별시 강북구,,
248,번3동,번3동주민센터,강북구 한천로105길 21,서울특별시,매주 토/일요일 공휴일,09:00,18:00,Y,N,,1.0,,N,서울특별시 강북구 한천로105길 21,서울특별시 강북구 번동 242-3,㈜포스코ICT,1600-4047,37.625792,127.04661000000002,2019-05-21,3080000,서울특별시 강북구,,
249,수유1동,수유1동주민센터,강북구 삼양로 299,서울특별시,매주 토/일요일 공휴일,09:00,18:00,Y,N,,1.0,,N,서울특별시 강북구 삼양로 299,서울특별시 강북구 수유동 605-412,㈜포스코ICT,1600-4047,37.6300042,127.017532,2019-05-21,3080000,서울특별시 강북구,,
250,수유2동,수유2동주민센터,강북구 한천로 1117,서울특별시,매주 토/일요일 공휴일,09:00,18:00,Y,N,,1.0,,N,서울특별시 강북구 한천로 1117,서울특별시 강북구 수유동 730-1,㈜포스코ICT,1600-4047,37.6446412,127.0198757,2019-05-21,3080000,서울특별시 강북구,,
251,수유3동,수유3동주민센터,강북구 노해로 36,서울특별시,매주 토/일요일 공휴일,09:00,18:00,Y,N,,1.0,,N,서울특별시 강북구 노해로 36,서울특별시 강북구 수유동 223-8,㈜포스코ICT,1600-4047,37.6386976,127.0231273,2019-05-21,3080000,서울특별시 강북구,,
252,우이동,우이동주민센터,강북구 삼양로139길 49,서울특별시,매주 토/일요일 공휴일,09:00,18:00,Y,N,,1.0,,N,서울특별시 강북구 삼양로139길 49,서울특별시 강북구 수유동 568-100,㈜포스코ICT,1600-4047,37.6479299,127.0119518,2019-05-21,3080000,서울특별시 강북구,,
253,인수동,인수동주민센터,강북구 인수봉로 255,서울특별시,매주 토/일요일 공휴일,09:00,18:00,Y,N,,1.0,,N,서울특별시 강북구 인수봉로 255,서울특별시 강북구 수유동 527-19,㈜포스코ICT,1600-4047,37.6414749,127.0105828,2019-05-21,3080000,서울특별시 강북구,,
254,인수동,가오리 공영주차장,강북구 삼양로107길 30,서울특별시,없음,23:59,23:59,N,Y,DC차데모+AC3상+DC콤보,,1.0,Y,서울특별시 강북구 삼양로107길 30,서울특별시 강북구 수유동 349-3,한국자동차환경협회,1661-9408,37.6415261,127.0149509,2019-05-21,3080000,서울특별시 강북구,,
255,송천동,냉천길 공영주차장,강북구 삼양로 230-12,서울특별시,없음,23:59,23:59,N,Y,DC차데모+AC3상+DC콤보,,1.0,Y,서울특별시 강북구 삼양로 230-12,서울특별시 강북구 미아동 756-1,한국자동차환경협회,1661-9408,37.6239348,127.0195365,2019-05-21,3080000,서울특별시 강북구,,
256,미아동,미아동 공영주차장,강북구 도봉로61길 46,서울특별시,없음,23:59,23:59,N,Y,DC차데모+AC3상+DC콤보,,1.0,Y,서울특별시 강북구 도봉로61길 46,서울특별시 강북구 미아동 222-100,한국자동차환경협회,1661-9408,37.62851989999999,127.0223312,2019-05-21,3080000,서울특별시 강북구,,
257,송천동,번동햇살 공영주차장,강북구 오현로21길 84,서울특별시,없음,10:00,19:00,N,Y,DC차데모+AC3상+DC콤보,,1.0,Y,서울특별시 강북구 삼양로 230-12,서울특별시 강북구 미아동 756-1,한국자동차환경협회,1661-9408,37.6239348,127.0195365,2019-05-21,3080000,서울특별시 강북구,,
258,인수동,수유마을시장 공영주차장,강북구 도봉로69길 29,서울특별시,없음,07:00,22:00,N,Y,DC차데모+AC3상+DC콤보,,1.0,Y,서울특별시 강북구 삼양로107길 30,서울특별시 강북구 수유동 55-29,한국자동차환경협회,1661-9408,37.6415261,127.0149509,2019-05-21,3080000,서울특별시 강북구,,
259,신사동,남부초 공영주차장,주차장 내,서울특별시,연중무휴,00:00,00:00,N,Y,AC3상+DC차데모+DC콤보,0.0,1.0,Y,서울특별시 관악구 남부순환로163길 14,서울특별시 관악구 신림동 467,환경부 한국환경공단,032-590-3683,37.48504129999999,126.922112,2019-06-05,3200000,서울특별시 관악구,,
260,조원동,조원동 공영주차장,주차장 내,서울특별시,연중무휴,00:00,00:00,N,Y,AC3상+DC차데모+DC콤보,0.0,1.0,Y,서울특별시 관악구 조원중앙로2길 19,서울특별시 관악구 신림동 571-6,환경부 한국환경공단,032-590-3683,37.481022,126.905682,2019-06-05,3200000,서울특별시 관악구,,
261,대학동,서울대정문 옆 구거부지 급속충전소,서울대정문 옆 구거부지(서울대학교 버스정류장 옆),서울특별시,연중무휴,00:00,00:00,N,Y,AC3상+DC차데모+DC콤보,0.0,2.0,N,서울특별시 관악구 신림동 799-3,서울특별시 관악구 신림동 799-3,환경부 한국환경공단,032-590-3683,37.466421,126.948761,2019-06-05,3200000,서울특별시 관악구,,
262,보라매동,보라매제1공영주차장,주차장 내,서울특별시,연중무휴,00:00,00:00,N,Y,AC3상+DC차데모+DC콤보,0.0,1.0,Y,서울특별시 관악구 봉천로21길 38,서울특별시 관악구 봉천동 산 110-4,환경부 한국환경공단,032-590-3683,37.488548,126.934524,2019-06-05,3200000,서울특별시 관악구,,
263,신림동,신림동제1공영주차장,주차장 내,서울특별시,연중무휴,00:00,00:00,N,Y,AC3상+DC차데모+DC콤보,0.0,1.0,Y,서울특별시 관악구 관천로 98,서울특별시 관악구 신림동 1456-3,환경부 한국환경공단,032-590-3683,37.487336,126.923392,2019-06-05,3200000,서울특별시 관악구,,
264,난곡동,난곡동제1공영주차장,주차장 내,서울특별시,연중무휴,00:00,00:00,N,Y,AC3상+DC차데모+DC콤보,0.0,1.0,Y,서울특별시 관악구 난곡로34길 71,서울특별시 관악구 신림동 626-82,환경부 한국환경공단,032-590-3683,37.4721711,126.923124,2019-06-05,3200000,서울특별시 관악구,,
265,삼성동,원신공영주차장,주차장 내,서울특별시,연중무휴,00:00,00:00,N,Y,AC3상+DC차데모+DC콤보,0.0,1.0,Y,서울특별시 관악구 양지길 63,서울특별시 관악구 신림동 366,환경부 한국환경공단,032-590-3683,37.4701038817,126.92926575799999,2019-06-05,3200000,서울특별시 관악구,,
266,신사동,신구초교 공영노외주차장,압구정로18길 28,서울특별시,주말,00:00,00:00,Y,N,,1.0,,Y,서울특별시 강남구 압구정로18길 28,서울특별시 강남구 신사동 550-11,에버온/한카,02-1661-8206,37.5233594,127.015272,2018-11-22,3220000,서울특별시 강남구,,
267,일원1동,탄천2호 공영노외주차장,열원동 4-49,서울특별시,주말,00:00,00:00,N,Y,AC3상+DC차데모+DC콤보,1.0,1.0,Y,서울특별시 강남구 열원동 4-49,서울특별시 강남구 일원동 4-49,한국자동차환경협회전기차급속충전문의,02-1661-9408,37.4939889,127.078626,2018-11-22,3220000,서울특별시 강남구,,
268,역삼1동,역삼1동문화센터 공영노외주차장,역삼로7길 22,서울특별시,주말,00:00,00:00,Y,N,,1.0,,Y,서울특별시 강남구 역삼로7길 22,서울특별시 강남구 역삼동 829-1,에버온,02-1661-7766,37.4955234,127.015402,2018-11-22,3220000,서울특별시 강남구,,
269,역삼1동,도곡로21길 7 공영노외주차장,도곡로21길 7,서울특별시,주말,00:00,00:00,Y,N,,1.0,,Y,서울특별시 강남구 도곡로21길 7,서울특별시 강남구 역삼동 795-25,에버온,02-1661-7766,37.4925499,127.030099,2018-11-22,3220000,서울특별시 강남구,,
270,삼성2동,치매지원센터 공영노외주차장,선릉로108길 27,서울특별시,주말,00:00,00:00,Y,N,,1.0,,Y,서울특별시 강남구 선릉로108길 27,서울특별시 강남구 삼성동 113-27,에버온/한카,02-1661-7766,37.51027070000001,127.037535,2018-11-22,3220000,서울특별시 강남구,,
271,개포4동,포이초교 공영노외주차장,개포로22길 87,서울특별시,주말,00:00,00:00,Y,N,,1.0,,Y,서울특별시 강남구 개포로22길 87,서울특별시 강남구 개포동 1273,에버온/한카,02-1661-7766,37.475672,127.043335,2018-11-22,3220000,서울특별시 강남구,,
272,대치4동,도곡초교 공영노외주차장,선릉로64길 38,서울특별시,주말,00:00,00:00,Y,N,,1.0,,Y,서울특별시 강남구 선릉로64길 38,서울특별시 강남구 대치동 935-17,에버온/한카,02-1661-7766,37.4984662,127.046634,2018-11-22,3220000,서울특별시 강남구,,
273,대치2동,대치2문화센터 공영노외주차장,영동대로65길 30,서울특별시,주말,00:00,00:00,Y,N,,1.0,,Y,서울특별시 강남구 영동대로65길 30,서울특별시 강남구 대치동 980-15,에버온,02-1661-7766,37.5029636,127.054131,2018-11-22,3220000,서울특별시 강남구,,
274,도곡1동,언주초교 공영노외주차장,남부순환로363길 19,서울특별시,주말,00:00,00:00,Y,N,,1.0,,Y,서울특별시 강남구 남부순환로363길 19,서울특별시 강남구 도곡동 922,한카,02-1661-8206,37.4862832,127.028026,2018-11-22,3220000,서울특별시 강남구,,
275,논현1동,논현초교 공영노외주차장,강남대로120길 33,서울특별시,주말,00:00,00:00,Y,N,,1.0,,Y,서울특별시 강남구 강남대로120길 33,서울특별시 강남구 논현동 168,한카,02-1661-8206,37.508169,127.017277,2018-11-22,3220000,서울특별시 강남구,,
276,개포2동,개포동공원 공영노외주차장,개포로 509,서울특별시,주말,00:00,00:00,Y,y,,1.0,1.0,Y,서울특별시 강남구 개포로 509,서울특별시 강남구 개포동 182-1,에버온,02-1661-7766,37.4896688,127.059526,2018-11-22,3220000,서울특별시 강남구,,
277,세곡동,대왕초교 공영노외주차장,세곡동 122-11,서울특별시,주말,09:00,19:00,Y,N,,1.0,,Y,서울특별시 강남구 세곡동 122-11,서울특별시 강남구 세곡동 122-11,에버온,02-1661-7766,37.4646674,127.097687,2018-11-22,3220000,서울특별시 강남구,,
278,삼성2동,강남구청 부설주차장,삼성동16-1,서울특별시,없음,00:00,00:00,N,Y,,,1.0,Y,서울특별시 강남구 학동로 462,서울특별시 강남구 삼성동 16-1,한국전력,123,37.5175282,127.0452812,2018-11-22,3220000,서울특별시 강남구,,
279,율현동,헌릉로745길 공영노상주차장,율현동 101-13번지 단지내,서울특별시,없음,00:00,00:00,N,Y,,,1.0,Y,서울특별시 강남구 헌릉로745길,서울특별시 강남구 율현동 101-13번지 단지내,한국전력,123,37.4702733,127.1164395,2018-11-22,3220000,서울특별시 강남구,,
280,압구정동,압구정로29길 공영노상주차장,압구정동445번지 주변,서울특별시,없음,00:00,00:00,N,Y,,,1.0,Y,서울특별시 강남구 압구정로29길,서울특별시 강남구 압구정동445번지,한국환경공단,032-590-5196,37.5306702,127.0249715,2018-11-22,3220000,서울특별시 강남구,,
281,개포4동,논현로22길 공영노외주차장,개포동 1266,서울특별시,없음,00:00,00:00,N,Y,,,1.0,Y,서울특별시 강남구 개포동 1266,서울특별시 강남구 논현로22길,한국환경공단,032-590-5196,37.4732075,127.0474347,2018-11-22,3220000,서울특별시 강남구,,
282,일원2동,대청역 공영노외주차장,개포동13-2,서울특별시,없음,00:00,00:00,N,Y,,,1.0,Y,서울특별시 강남구 개포동 13-2,서울특별시 강남구 개포로 623-1,한국환경공단,032-590-5196,37.4949109,127.0770997,2018-11-22,3220000,서울특별시 강남구,,
283,문래동,홈플러스 영등포점,주차장 내,서울특별시,o,10:00,22:00,N,Y,DC차데모+AC3상+DC콤보,0.0,1.0,N,서울특별시 영등포구 당산로42,서울특별시 영등포구 문래동3가 55-3,환경관리공단,1661-9408,37.51823931,126.8958805,2019-05-02,3180000,서울특별시 영등포구,,
284,당산제1동,당산에스에이치빌 아파트 앞,아파트 앞 도로,서울특별시,x,00:00,00:00,N,Y,DC차데모+AC3상+DC콤보,0.0,1.0,N,서울특별시 영등포구 당산동3가 562,서울특별시 영등포구 당산동3가 2-5,한국전력,1661-9408,37.52419721,126.901497,2019-05-02,3180000,서울특별시 영등포구,,
285,신길제5동,신길제5동 주민센터,주민센터 주차장,서울특별시,x,00:00,00:00,N,Y,DC차데모+AC3상+DC콤보,0.0,1.0,N,서울특별시 영등포구 도림로 264,서울특별시 영등포구 신길동 422,한국전력,1661-9408,37.50163872,126.9052171,2019-05-02,3180000,서울특별시 영등포구,,
286,영등포동,영등포 제3공영 주차장,공영주차장 내,서울특별시,x,00:00,00:00,N,Y,DC차데모+AC3상+DC콤보,0.0,1.0,Y,서울특별시 영등포구 영중로3길 7,서울특별시 영등포구 영등포동4가 425-6,환경관리공단,1661-9408,37.51658931,126.9055469,2019-05-02,3180000,서울특별시 영등포구,,
287,신길제4동,신길4동1마을공원 공영주차장,공영주차장 내,서울특별시,x,00:00,00:00,N,Y,DC차데모+AC3상+DC콤보,0.0,1.0,Y,서울특별시 영등포구 신길로40길 5,서울특별시 영등포구 신길동 232-20,환경관리공단,1661-9408,37.50715236,126.9116551,2019-05-02,3180000,서울특별시 영등포구,,
288,당산제1동,영등포구청 환승공영주차장,영등포구청 환승공영주차장 내,서울특별시,x,06:00,21:00,N,Y,DC차데모+AC3상+DC콤보,0.0,1.0,Y,서울특별시 영등포구 양산로111,서울특별시 영등포구 당산동3가 370-4,시그넷시스템,1661-9408,37.52484948,126.8954091,2019-05-02,3180000,서울특별시 영등포구,,
289,신길제1동,대신시장 공중전화,시장 도로,서울특별시,x,00:00,00:00,N,Y,DC차데모+AC4상+DC콤보,0.0,1.0,Y,서울특별시 영등포구 도신로60길 7,서울특별시 영등포구 신길1동 116-15,환경관리공단,1661-9408,37.51147362,126.9174364,2019-05-02,3180000,서울특별시 영등포구,,
290,당산제1동,당산노외 공영주차장,주차장 내,서울특별시,x,00:00,00:00,Y,Y,DC차데모+AC5상+DC콤보,1.0,1.0,Y,서울특별시 영등포구 양산로 153,서울특별시 영등포구 당산동3가 2-1,환경관리공단,1661-9408,37.52365797,126.9001612,2019-05-02,3180000,서울특별시 영등포구,,
291,여의도동,남서울직할,주차장 내,서울특별시,x,00:00,00:00,N,Y,DC차데모+AC5상+DC콤보,0.0,1.0,Y,서울특별시 영등포구 여의동로 7길,서울특별시 영등포구 여의도동 21,한국전력,2670-2268,37.527784,126.929991,2019-05-02,3180000,서울특별시 영등포구,,
292,영등포동,영등포전력지사,주차장 내,서울특별시,x,00:00,00:00,N,Y,DC차데모+AC5상+DC콤보,0.0,1.0,Y,서울특별시 영등포구 경인로 878,서울특별시 영등포구 영등포동1가 139-8,한국전력,2670-2268,37.51701505,126.9102262,2019-05-02,3180000,서울특별시 영등포구,,
293,문래동,남서울직할(영등포)지사,주차장 내,서울특별시,x,00:00,00:00,N,Y,DC차데모+AC5상+DC콤보,0.0,1.0,Y,서울특별시 영등포구 문래북로 66,서울특별시 영등포구 문래동3가 80-1,한국전력,2670-2268,37.5203178,126.892763,2019-05-02,3180000,서울특별시 영등포구,,
294,영등포동,영남공영주차장,공영주차장태,서울특별시,x,00:00,00:00,N,Y,DC차데모+AC6상+DC콤보,0.0,1.0,Y,서울특별시 영등포구 영등포로34길 9,서울특별시 영등포구 영등포4가 123,환경관리공단,1522-1782,37.51946997,126.902586,2019-05-02,3180000,서울특별시 영등포구,,
295,여의도동,국회도서관,국회도서관 앞,서울특별시,x,00:00,00:00,N,Y,DC콤보,0.0,3.0,Y,서울특별시 영등포구 의사당대로1,서울특별시 영등포구 여의도동 1국회,환경관리공단,1661-9408,37.53185974,126.920604,2019-05-02,3180000,서울특별시 영등포구,,
296,여의도동,국회의원회관,국회의원회관 주차장,서울특별시,x,00:00,00:00,N,Y,DC콤보,0.0,3.0,Y,서울특별시 영등포구 의사당대로1,서울특별시 영등포구 여의도동 1국회,환경관리공단,1661-9408,37.53185974,126.920604,2019-05-02,3180000,서울특별시 영등포구,,
297,영등포동,롯데 빅마켓,주차장 내,서울특별시,o,10:00,22:00,N,Y,DC콤보,0.0,6.0,Y,서울특별시 영등포구 영중로 125,서울특별시 영등포구 영등포동8가 62-1,환경관리공단,031-994-6115,37.52781696,126.9046832,2019-05-02,3180000,서울특별시 영등포구,,
298,정릉제4동,북한산국립공원 정릉 주차장(정릉탐방지원센터),성북구 정릉동 829-5 외,서울특별시,연중무휴,00:00,24:00,N,Y,AC3상+DC차데모+DC콤보,0.0,1.0,Y,서울특별시 성북구 정릉동 829-1,,환경부(한국자동차환경협회),,37.618478,126.996915,2019-05-31,3070000,서울특별시 성북구,,
299,수유3동,이마트 미아점,성북구 도봉로 17 주차동3층 3E구역,서울특별시,연중무휴,00:00,24:00,Y,N,AC완속,1.0,0.0,Y,서울특별시 성북구 도봉로 17,,포스코ICT,1600-4047,37.6108648,127.0296051,2019-05-31,3070000,서울특별시 성북구,,
300,정릉제3동,국민대,서울특별시 성북구 정릉동 861-17호관 주차장,서울특별시,연중무휴,00:00,24:00,N,Y,AC3상+DC차데모+DC콤보,0.0,2.0,Y,서울특별시 성북구 정릉로 77,,한국전력,1899-2100,37.6108694,126.9972889,2019-05-31,3070000,서울특별시 성북구,,
301,월곡제2동,홈플러스 월곡점,성북구 화랑로 76 지하 3층  98구역,서울특별시,연중무휴,10:00,24:00,N,Y,AC3상+DC차데모,0.0,1.0,Y,서울특별시 성북구 화랑로 76,,환경부(한국자동차환경협회),1661-9408,37.6017142,127.0404475,2019-05-31,3070000,서울특별시 성북구,,
302,장위제2동,성북벤처빌딩 공영주차장,성북구 장위2동 65-154,서울특별시,연중무휴,00:00,24:00,N,Y,AC3상+DC차데모+DC콤보,0.0,1.0,Y,서울특별시 성북구 화랑로 211,,환경부(한국자동차환경협회),1661-9408,37.60931779999999,127.0530203,2019-05-31,3070000,서울특별시 성북구,,
303,안암동,고려대학교,성북구 안암동5가1-2,서울특별시,연중무휴,00:00,24:00,N,Y,AC3상+DC차데모+DC콤보,0.0,2.0,Y,서울특별시 성북구 안암로 145,,한국전력,02-901-4266,37.58870342,127.0316981,2019-05-31,3070000,서울특별시 성북구,,
304,안암동,고려대학교(자연과학),성북구 안암동5가1-2,서울특별시,연중무휴,00:00,24:00,Y,Y,AC3상+DC차데모+DC콤보,1.0,1.0,Y,서울특별시 성북구 안암로 145,,한국전력,02-901-4266,37.58870342,127.0316981,2019-05-31,3070000,서울특별시 성북구,,
305,월계3동,성북구 보건소,서울특별시 성북구 화랑로 63 지하1층 주차장,서울특별시,연중무휴,09:00,18:00,Y,N,AC완속,1.0,0.0,Y,서울특별시 성북구 화랑로 63,,포스코ICT,1600-4047,37.6026988,127.0395356,2019-05-31,3070000,서울특별시 성북구,,
306,길음제2동,이마트 하월곡점,서울특별시 성북구 종암로 167 본관B5층 30구역,서울특별시,연중무휴,00:00,24:00,Y,N,AC완속,2.0,0.0,Y,서울특별시 성북구 종암로 167,,포스코ICT,1600-4047,37.60509620000001,127.0309977,2019-05-31,3070000,서울특별시 성북구,,
307,정릉제4동,서경대학교 1주차장,서경로 124 (정릉동),서울특별시,연중무휴,00:00,23:55,Y,N,AC완속,2.0,0.0,Y,서울특별시 성북구 서경로 124,,에버온,1661-7766,37.6153765,127.0135494,2019-05-31,3070000,서울특별시 성북구,,
308,정릉제4동,서경대학교 2주차장,서경로 124 (정릉동),서울특별시,연중무휴,00:00,23:55,Y,N,AC완속,5.0,0.0,Y,서울특별시 성북구 서경로 124,,에버온,1661-7766,37.6153765,127.0135494,2019-05-31,3070000,서울특별시 성북구,,
309,종암동,성북소방서,종암로 27길 3 주차장,서울특별시,주말,09:00,18:00,Y,N,AC완속,1.0,0.0,Y,서울특별시 성북구 종암로 27길 3,,포스코ICT,1600-4047,37.6023364,127.03178490000002,2019-05-31,3070000,서울특별시 성북구,,
310,상계6·7동,노원에코센터 충전소,서울특별시 노원구 상계동 770-2,서울특별시,없음,00:00,23:59,Y,Y,"AC3상,DC차데모,DC콤보",1.0,1.0,N,서울특별시 노원구 덕릉로 450,서울특별시 노원구 상계동 770-2,한국자동차환경협회,1661-9408,37.643872,127.05853799999998,2018-10-01,3100000,서울특별시 노원구,,
